AB027020,E1,886,2790
AB027020,E2,2732,3838
AB027020,E6,102,557
AB027020,E7,564,878
AB027020,L1,5541,7064
AB027020,L2,4157,5560
AB027021,E1,876,2804
AB027021,E6,102,557
AB027021,E7,565,867
AB027021,L2,4168,5589
AB040456,E1,838,2766
AB040456,E2,2708,3862
AB040456,E5_BETA,4188,4331
AB040456,E6,126,572
AB040456,E7,548,832
AB040456,L1,5837,7357
AB040456,L2,4447,5856
AB331650,E1,1073,2893
AB331650,E10,324,452
AB331650,E2,2835,4055
AB331650,E7,787,1083
AB331650,L1,5646,7157
AB331650,L2,4067,5635
AB331651,E1,715,2670
AB331651,E10,102,230
AB331651,E2,2612,3868
AB331651,E7,429,725
AB331651,L1,5476,7005
AB331651,L2,3882,5465
AB543507,E1,1002,2822
AB543507,E10,328,456
AB543507,E2,2764,3981
AB543507,E7,716,1012
AB543507,L1,5587,7104
AB543507,L2,3996,5576
AB745694,E1,805,2787
AB745694,E2,2729,3844
AB745694,E5_BETA,4057,4200
AB745694,E6,101,547
AB745694,E7,523,798
AB745694,L1,5718,7229
AB745694,L2,4313,5737
AF131950,E1,920,2860
AF131950,E2,2784,3932
AF131950,E5_ALPHA,3940,4155
AF131950,E6,105,578
AF131950,E7,587,913
AF131950,L1,5610,7127
AF131950,L2,4226,5629
AF151983,E1,718,2673
AF151983,E2,2615,3757
AF151983,E5_BETA,4112,4255
AF151983,E6,1,444
AF151983,E7,420,713
AF151983,L1,5742,7296
AF151983,L2,4349,5764
AF293960,E1,715,2667
AF293960,E2,2609,3742
AF293960,E5_BETA,4074,4217
AF293960,E6,1,447
AF293960,E7,423,713
AF293960,L1,5665,7176
AF293960,L2,4263,5687
AF349909,E1,709,2667
AF349909,E2,2609,3733
AF349909,E5_BETA,4052,4195
AF349909,E6,1,447
AF349909,E7,423,707
AF349909,L1,5655,7172
AF349909,L2,4241,5677
AF419318,E1,908,2869
AF419318,E2,2811,3923
AF419318,E5_DELTA,4342,4473
AF419318,E6,178,645
AF419318,E7,606,902
AF419318,L1,5871,7379
AF419318,L2,4502,5884
AF436128,E1,721,2685
AF436128,E2,2627,3760
AF436128,E5_BETA,4110,4248
AF436128,E6,1,444
AF436128,E7,420,716
AF436128,L2,4352,5777
AF436130,E1,721,2643
AF436130,E2,2585,3730
AF436130,E5_DELTA,4046,4177
AF436130,E5_GAMMA,3762,4037
AF436130,E6,1,453
AF436130,E7,429,716
AF436130,L1,5591,7099
AF436130,L2,4210,5604
AF443292,E1,651,2468
AF443292,E2,2404,3645
AF443292,E5,3702,3836
AF443292,E6,1,405
AF443292,E7,365,658
AF443292,L1,5885,7390
AF443292,L2,4435,5874
AJ400628,E1,819,2771
AJ400628,E2,2713,3840
AJ400628,E5_BETA,4172,4315
AJ400628,E6,105,551
AJ400628,E7,527,817
AJ400628,L1,5756,7270
AJ400628,L2,4360,5778
AJ620205,E1,835,2802
AJ620205,E2,2744,3859
AJ620205,E5_DELTA,4216,4350
AJ620205,E6,102,569
AJ620205,E7,530,829
AJ620205,L1,5757,7268
AJ620205,L2,4379,5770
AJ620208,E1,945,2774
AJ620208,E10,339,467
AJ620208,E2,2716,4005
AJ620208,E7,656,955
AJ620208,L1,5623,7140
AJ620208,L2,4022,5611
AJ620209,E1,844,2796
AJ620209,E2,2738,3874
AJ620209,E5_BETA,4249,4389
AJ620209,E6,120,566
AJ620209,E7,542,838
AJ620209,L1,5858,7372
AJ620209,L2,4462,5880
AJ620210,E1,819,2624
AJ620210,E2,2566,3771
AJ620210,E6,111,533
AJ620210,E7,530,829
AJ620210,L1,5368,6915
AJ620210,L2,3773,5347
AJ620211,E1,785,2836
AJ620211,E2,2778,3908
AJ620211,E5_BETA,4121,4264
AJ620211,E6,93,539
AJ620211,E7,515,778
AJ620211,L1,5773,7287
AJ620211,L2,4380,5792
AY382778,E1,831,2642
AY382778,E2,2584,4014
AY382778,E6,129,551
AY382778,E7,551,844
AY382778,L1,5640,7171
AY382778,L2,4077,5630
AY395706,E1,719,2677
AY395706,E2,2619,3758
AY395706,E5_BETA,4136,4276
AY395706,E6,1,447
AY395706,E7,423,713
AY395706,L1,5777,7288
AY395706,L2,4372,5799
AY904722,E1,730,2556
AY904722,E2,2498,3639
AY904722,E6,43,459
AY904722,E7,456,740
AY904722,L1,6385,7884
AY904722,L2,4844,6373
AY904723,E1,724,2544
AY904723,E2,2486,3614
AY904723,E6,31,447
AY904723,E7,444,734
AY904723,L1,6458,7960
AY904723,L2,4899,6446
AY904724,E1,805,2625
AY904724,E2,2567,3711
AY904724,E6,115,531
AY904724,E7,528,815
AY904724,L1,6318,7826
AY904724,L2,4770,6305
D21208,E1,875,2785
D21208,E2,2721,3831
D21208,E5_ALPHA,3900,4133
D21208,E6,102,551
D21208,E7,563,862
D21208,L1,5616,7118
D21208,L2,4238,5635
D90400,E1,883,2817
D90400,E2,2753,3829
D90400,E5_ALPHA,3895,4122
D90400,E6,110,559
D90400,E7,574,870
D90400,L1,5643,7139
D90400,L2,4244,5662
DQ080079,E1,823,2745
DQ080079,E2,2672,3784
DQ080079,E5_ALPHA,3830,4048
DQ080079,E7,484,816
DQ080079,L1,5488,7005
DQ080079,L2,4098,5507
DQ080080,E1,813,2765
DQ080080,E2,2689,3791
DQ080080,E5_ALPHA,3823,4044
DQ080080,E6,1,477
DQ080080,E7,486,806
DQ080080,L1,5494,7017
DQ080080,L2,4131,5513
DQ080082,E1,761,2701
DQ080082,E2,2643,3794
DQ080082,E5_BETA,4131,4277
DQ080082,E6,46,492
DQ080082,E7,468,755
DQ080082,L1,5782,7302
DQ080082,L2,4401,5801
DQ080083,E1,715,2670
DQ080083,E2,2612,3754
DQ080083,E5_BETA,4139,4282
DQ080083,E6,1,444
DQ080083,E7,420,710
DQ080083,L2,4380,5807
DQ098913,E1,849,2630
DQ098913,E2,2575,3807
DQ098913,E6,106,510
DQ098913,E7,485,859
DQ098913,L1,5595,7079
DQ098913,L2,4020,5582
DQ180494,E1,718,2538
DQ180494,E6,31,447
DQ180494,E7,444,728
DQ180494,L1,6214,7716
DQ180494,L2,4662,6200
E15111,E1,968,2794
E15111,E2,2736,3947
E15111,E6,101,514
E15111,E7,514,975
E15111,L1,5643,7151
E15111,L2,3982,5631
EF028290,E1,706,2517
EF028290,E2,2459,3970
EF028290,E7,423,719
EF028290,L2,4063,5634
EF422221,E1,1003,2826
EF422221,E2,2768,4165
EF422221,E6,295,711
EF422221,E7,708,1016
EF422221,L1,5788,7311
EF422221,L2,4217,5776
EF558838,E1,788,2701
EF558838,E2,2628,3728
EF558838,E5_EPSILON,4058,4189
EF558838,E5_ZETA,4196,4336
EF558838,E6,1,450
EF558838,E7,463,783
EF558838,L1,5761,7260
EF558839,E1,785,2668
EF558839,E2,2610,3692
EF558839,E5_EPSILON,3963,4091
EF558839,E5_ZETA,4128,4265
EF558839,E6,1,456
EF558839,E7,470,772
EF558839,L1,5661,7157
EF558839,L2,4271,5680
EF558840,E1,772,2661
EF558840,E2,2600,3691
EF558840,E5_EPSILON,3967,4097
EF558840,E5_ZETA,4123,4248
EF558840,E6,1,450
EF558840,E7,458,766
EF558840,L1,5671,7161
EF558840,L2,4257,5690
EF558841,E1,767,2674
EF558841,E2,2613,3707
EF558841,E5_ZETA,4097,4249
EF558841,E6,1,452
EF558841,E7,465,761
EF558841,L1,5687,7188
EF558841,L2,4270,5706
EF558842,E1,765,2675
EF558842,E2,2602,3696
EF558842,E5_EPSILON,3994,4125
EF558842,E5_ZETA,4131,4268
EF558842,E6,1,450
EF558842,E7,457,759
EF558842,L1,5709,7211
EF558842,L2,4337,5728
EF558843,E1,807,2693
EF558843,E2,2632,3720
EF558843,E5_EPSILON,3981,4106
EF558843,E5_ZETA,4141,4281
EF558843,E6,1,453
EF558843,E7,466,801
EF558843,L1,5703,7205
EF558843,L2,4304,5722
EU240895,E1,822,2750
EU240895,E2,2692,3918
EU240895,L1,5858,7372
EU240895,L2,4195,5823
EU410348,E1,871,2694
EU410348,E2,2636,4000
EU410348,E6,172,597
EU410348,E7,594,878
EU410348,L1,5676,7196
EU410348,L2,4051,5664
EU410349,E1,849,2669
EU410349,E2,2611,3963
EU410349,E6,156,581
EU410349,E7,578,856
EU410349,L1,5624,7144
EU410349,L2,4008,5612
EU490515,E1,786,2669
EU490515,E2,2611,3696
EU490515,E5_EPSILON,3958,4086
EU490515,E5_ZETA,4096,4250
EU490515,E6,1,455
EU490515,E7,469,774
EU490515,L1,5646,7142
EU490515,L2,4256,5665
EU493091,E1,580,2241
EU493091,E2,2204,3442
EU493091,E6,1,258
EU493091,E7,251,577
EU493091,L1,4808,6301
EU493091,L2,3439,4833
FJ492742,E1,774,2591
FJ492742,E2,2530,4044
FJ492742,E6,76,492
FJ492742,E7,494,790
FJ492742,L1,6032,7546
FJ492742,L2,4481,6013
FJ492743,E1,1132,3021
FJ492743,E2,2963,4431
FJ492743,E6,422,880
FJ492743,E7,840,1142
FJ492743,L1,6167,7669
FJ492743,L2,4628,6145
FJ796965,E1,1303,3126
FJ796965,E2,3077,4315
FJ796965,E6,636,1073
FJ796965,E7,1045,1293
FJ796965,L1,5830,7340
FJ796965,L2,4331,5821
FJ947080,E1,916,2760
FJ947080,E6,214,630
FJ947080,E7,627,929
FJ947080,L1,5755,7293
FJ947080,L2,4185,5741
FM955837,E1,941,2773
FM955837,E2,2715,4139
FM955837,E6,245,667
FM955837,E7,667,954
FM955837,L1,5784,7322
FM955837,L2,4206,5774
FM955838,E1,935,2749
FM955838,E2,2691,4205
FM955838,E6,180,647
FM955838,E7,637,948
FM955838,L1,5862,7409
FM955838,L2,4292,5848
FM955839,E1,932,2749
FM955839,E2,2691,4013
FM955839,E6,224,646
FM955839,E7,643,945
FM955839,L1,5678,7204
FM955839,L2,4078,5667
FM955840,E1,917,2749
FM955840,E2,2691,4031
FM955840,E6,209,625
FM955840,E7,622,936
FM955840,L1,5667,7178
FM955840,L2,4094,5656
FM955841,E1,939,2750
FM955841,E2,2692,4206
FM955841,E6,190,657
FM955841,E7,647,952
FM955841,L1,5861,7405
FM955841,L2,4290,5846
FM955842,E1,819,2639
FM955842,E2,2581,3954
FM955842,E6,126,551
FM955842,E7,548,826
FM955842,L1,5614,7140
FM955842,L2,3998,5602
FN547152,E1,693,2681
FN547152,E2,2623,3756
FN547152,E5_BETA,3956,4099
FN547152,E6,1,447
FN547152,E7,423,686
FN547152,L1,5625,7136
FN547152,L2,4217,5644
FN677755,E1,1047,2864
FN677755,E2,2806,4218
FN677755,E6,351,761
FN677755,E7,758,1060
FN677755,L1,5838,7370
FN677755,L2,4270,5826
FN677756,E1,926,2752
FN677756,E2,2694,4007
FN677756,E6,221,646
FN677756,E7,643,939
FN677756,L1,5677,7212
FN677756,L2,4092,5666
GQ180114,E1,1261,3075
GQ180114,E2,3011,4174
GQ180114,E6,556,978
GQ180114,E7,972,1277
GQ180114,L2,4194,5834
GQ227670,E1,780,2723
GQ227670,E2,2650,3741
GQ227670,E5_EPSILON,4021,4152
GQ227670,E5_ZETA,4158,4289
GQ227670,E6,1,450
GQ227670,E7,463,774
GQ227670,L1,5721,7220
GQ227670,L2,4325,5740
GQ244463,E1,921,2876
GQ244463,E2,2818,3963
GQ244463,E5_BETA,4298,4441
GQ244463,E6,213,659
GQ244463,E7,635,919
GQ244463,L1,5905,7428
GQ244463,L2,4500,5927
GQ246950,E1,795,2834
GQ246950,E2,2776,3924
GQ246950,E5_BETA,4152,4295
GQ246950,E6,103,549
GQ246950,E7,525,788
GQ246950,L1,5805,7322
GQ246950,L2,4433,5824
GQ246951,E1,863,2683
GQ246951,E2,2625,4145
GQ246951,E6,166,577
GQ246951,E7,577,876
GQ246951,L1,5803,7338
GQ246951,L2,4237,5790
GQ845441,E1,694,2487
GQ845441,E2,2417,3595
GQ845441,E6,1,420
GQ845441,E7,417,710
GQ845441,L1,5193,6780
GQ845441,L2,3597,5180
GQ845442,E1,703,2517
GQ845442,E2,2459,3751
GQ845442,E6,1,426
GQ845442,E7,423,716
GQ845442,L1,5394,6914
GQ845442,L2,3824,5383
GQ845444,E1,697,2517
GQ845444,E2,2459,3811
GQ845444,E6,1,426
GQ845444,E7,423,704
GQ845444,L1,5479,7005
GQ845444,L2,3857,5467
GQ845445,E1,688,2523
GQ845445,E2,2465,3670
GQ845445,E6,1,414
GQ845445,E7,414,698
GQ845445,L1,5258,7141
GQ845445,L2,3672,5247
GQ845446,E1,691,2514
GQ845446,E2,2456,3901
GQ845446,E6,1,411
GQ845446,E7,411,704
GQ845446,L1,5577,7112
GQ845446,L2,3977,5563
GU014531,E1,730,2574
GU014531,E2,2516,3880
GU014531,E6,34,417
GU014531,E7,417,743
GU014531,L2,4073,5647
GU014532,E1,762,2714
GU014532,E2,2656,3810
GU014532,E5_BETA,4142,4330
GU014532,E6,46,492
GU014532,E7,468,755
GU014532,L1,5818,7344
GU014532,L2,4440,5837
GU117620,E1,1454,3376
GU117620,E2,3318,4491
GU117620,E6,688,1329
GU117620,L2,4678,6294
GU117621,E1,1298,3220
GU117621,E2,3144,4316
GU117621,E6,10,1177
GU117621,L2,4364,6022
GU117622,E1,1285,3213
GU117622,E6,533,1023
GU117622,E7,983,1295
GU117622,L2,4512,6122
GU117623,E1,1281,3143
GU117623,E2,3079,4251
GU117623,E6,563,1120
GU117623,L2,4407,5822
GU117629,E1,687,2525
GU117629,E2,2467,3687
GU117629,E6,1,411
GU117629,E7,413,697
GU117629,L1,5263,6810
GU117629,L2,3689,5254
GU117630,E1,717,2546
GU117630,E2,2488,3672
GU117630,E6,1,432
GU117630,E7,434,730
GU117630,L1,5262,6824
GU117630,L2,3674,5251
GU117633,E1,720,2549
GU117633,E2,2491,3666
GU117633,E6,1,432
GU117633,E7,434,733
GU117633,L1,5255,6811
GU117633,L2,3669,5243
GU129016,E1,1171,2979
GU129016,E2,2912,4102
GU129016,E6,490,906
GU129016,E7,906,1187
GU129016,L2,4104,5615
HE963025,E1,694,2514
HE963025,E2,2456,3846
HE963025,E6,1,426
HE963025,E7,423,697
HE963025,L1,5506,7032
HE963025,L2,3899,5494
HF930491,E1,703,2508
HF930491,E2,2450,3796
HF930491,E6,1,426
HF930491,E7,423,710
HF930491,L1,5438,6961
HF930491,L2,3846,5426
HG530535,E1,696,2507
HG530535,E2,2443,3660
HG530535,E6,1,422
HG530535,E7,419,712
HG530535,L1,5253,6804
HG530535,L2,3668,5242
HG939559,E1,1030,2859
HG939559,E2,2801,4030
HG939559,E6,187,600
HG939559,E7,600,1043
HG939559,L1,5706,7214
HG939559,L2,4039,5694
HM999990,E1,688,2538
HM999990,E2,2480,3694
HM999990,E7,417,698
HM999990,L1,5277,6821
HM999990,L2,3707,5266
HM999991,E1,688,2541
HM999991,E2,2483,3700
HM999991,E6,1,411
HM999991,E7,417,698
HM999991,L1,5269,6825
HM999991,L2,3702,5258
HM999993,E1,721,2535
HM999993,E2,2471,3651
HM999993,E6,1,435
HM999993,E7,438,734
HM999993,L1,5162,6751
HM999993,L2,3651,5153
HM999994,E1,714,2543
HM999994,E2,2485,3678
HM999994,E6,1,432
HM999994,E7,434,727
HM999994,L1,5265,6827
HM999994,L2,3680,5254
HM999995,E1,762,2579
HM999995,E2,2521,4047
HM999995,E6,1,474
HM999995,E7,464,775
HM999995,L1,5701,7251
HM999995,L2,4131,5687
HM999997,E1,706,2526
HM999997,E2,2468,3769
HM999997,E6,1,426
HM999997,E7,423,713
HM999997,L1,5432,6955
HM999997,L2,3822,5420
HM999998,E1,700,2520
HM999998,E2,2456,3664
HM999998,E6,1,423
HM999998,E7,420,716
HM999998,L1,5209,6760
HM999998,L2,3669,5198
HM999999,E1,691,2496
HM999999,E2,2423,3610
HM999999,E6,1,420
HM999999,E7,417,707
HM999999,L1,5189,6754
HM999999,L2,3612,5177
HQ625440,E1,1386,3242
HQ625440,E2,3184,4356
HQ625440,E6,669,1091
HQ625440,E7,1091,1399
HQ625440,L2,4412,6031
HQ625441,E1,1162,2964
HQ625441,E6,488,895
HQ625441,E7,897,1175
HQ625441,L2,4649,6211
J04353,E1,862,2757
J04353,E2,2690,3819
J04353,E6,108,557
J04353,E7,560,856
J04353,L1,5552,7066
J04353,L2,4171,5571
JF304766,E1,734,2677
JF304766,E2,2619,3827
JF304766,E6,13,432
JF304766,E7,429,729
JF304766,L1,5522,7057
JF304766,L2,4093,5541
JF304767,E1,706,2649
JF304767,E2,2591,3835
JF304767,E6,1,420
JF304767,E7,417,701
JF304767,L1,5500,7035
JF304767,L2,4098,5519
JF304768,E1,691,2514
JF304768,E2,2456,3892
JF304768,E6,1,411
JF304768,E7,411,704
JF304768,L1,5545,7080
JF304768,L2,3969,5531
JF800658,E1,826,2715
JF800658,E2,2657,4142
JF800658,E6,119,574
JF800658,E7,534,836
JF800658,L1,5888,7395
JF800658,L2,4338,5858
JF834523,E2,2548,3801
JF834523,E7,554,826
JF834523,L1,5405,6932
JF834523,L2,3816,5394
JF906559,E1,687,2507
JF906559,E2,2449,3666
JF906559,E6,1,423
JF906559,E7,413,697
JF906559,L1,5235,7333
JF906559,L2,3668,5224
JF966371,E1,789,2615
JF966371,E2,2557,3749
JF966371,E6,103,519
JF966371,E7,521,805
JF966371,L1,5322,6857
JF966371,L2,3752,5350
JF966372,E1,799,2640
JF966372,E2,2573,3754
JF966372,E6,103,528
JF966372,E7,525,815
JF966372,L1,5316,6872
JF966372,L2,3761,5305
JF966373,E1,798,2603
JF966373,E2,2539,3750
JF966373,E6,103,540
JF966373,E7,521,814
JF966373,L1,5290,6815
JF966373,L2,3750,5279
JF966374,E1,913,2724
JF966374,E2,2660,3829
JF966374,E6,193,627
JF966374,E7,630,926
JF966374,L1,5342,6925
JF966374,L2,3831,5333
JF966375,E1,792,2615
JF966375,E2,2557,3744
JF966375,E6,103,546
JF966375,E7,521,808
JF966375,L1,5313,6847
JF966375,L2,3746,5341
JF966376,E1,810,2642
JF966376,E6,103,528
JF966376,E7,533,823
JF966376,L1,5282,6837
JF966376,L2,3747,5273
JF966378,E1,784,2592
JF966378,E6,103,519
JF966378,E7,519,800
JF966378,L1,5244,6776
JF966378,L2,3724,5232
JF966379,E1,784,2580
JF966379,E2,2513,3685
JF966379,E6,103,519
JF966379,E7,519,800
JF966379,L1,5191,6717
JF966379,L2,3687,5180
JN171845,E1,699,2516
JN171845,E6,1,435
JN171845,E7,422,712
JN171845,L1,5201,6736
JN709469,E1,779,2713
JN709469,E2,2634,3836
JN709469,E6,1,654
JN709469,L1,5666,7180
JN709469,L2,4003,5631
JN709470,E1,785,2716
JN709470,E2,2658,3833
JN709470,E6,1,660
JN709470,L1,5636,7195
JN709470,L2,3921,5624
JN709471,E1,779,2707
JN709471,E2,2649,3839
JN709471,E6,1,654
JN709471,L1,5626,7185
JN709471,L2,3925,5610
JN709472,E1,781,2709
JN709472,E2,2648,3820
JN709472,E6,1,648
JN709472,L1,5655,7172
JN709472,L2,3995,5620
JQ692938,E1,678,2696
JQ692938,E2,2638,3800
JQ692938,E7,416,681
JQ692938,L2,3930,5534
JQ754321,E1,708,2600
JQ754321,E2,2542,4002
JQ754321,E6,1,456
JQ754321,E7,416,718
JQ754321,L1,5811,7316
JQ754321,L2,4238,5758
JQ798171,E1,850,2670
JQ798171,E2,2612,3850
JQ798171,E5,3893,4027
JQ798171,E6,92,505
JQ798171,E7,480,863
JQ798171,L1,5621,7114
JQ798171,L2,4196,5608
JQ814847,E1,714,2810
JQ814847,E2,2728,4063
JQ814847,E7,512,727
JQ814847,L2,4078,5379
JQ814848,E1,724,2595
JQ814848,E2,2537,3986
JQ814848,E7,425,722
JQ814848,L2,4034,5623
JX123128,E1,694,2616
JX123128,E2,2558,3721
JX123128,E7,429,719
JX123128,L1,5418,7135
JX123128,L2,3853,5404
JX141478,E1,712,2526
JX141478,E2,2468,3973
JX141478,E6,19,438
JX141478,E7,435,725
JX141478,L1,6249,7760
JX141478,L2,4645,6235
JX174437,E1,850,2670
JX174437,E2,2612,3850
JX174437,E5,3890,4024
JX174437,E6,92,505
JX174437,E7,480,863
JX174437,L2,4204,5607
JX413105,E1,874,2685
JX413105,E2,2621,3793
JX413105,E6,157,588
JX413105,E7,591,890
JX413105,L1,5294,6871
JX413105,L2,3795,5285
JX413106,E1,782,2584
JX413106,E2,2514,3701
JX413106,E6,89,508
JX413106,E7,505,798
JX413106,L1,5289,6869
JX413106,L2,3703,5277
JX413107,E1,888,2711
JX413107,E2,2647,3867
JX413107,E6,186,602
JX413107,E7,602,901
JX413107,L1,5435,6958
JX413107,L2,3870,5420
JX413108,E1,835,2658
JX413108,E2,2591,3760
JX413108,E6,127,546
JX413108,E7,546,851
JX413108,L1,5288,6808
JX413108,L2,3760,5277
JX413109,E1,895,2709
JX413109,E2,2642,3820
JX413109,E6,199,618
JX413109,E7,618,911
JX413109,L1,5373,6896
JX413109,L2,3820,5361
JX413110,E1,1003,2856
JX413110,E2,2798,4012
JX413110,E6,40,729
JX413110,E7,729,1013
JX413110,L1,5593,7165
JX413110,L2,4014,5582
JX429973,E1,805,2631
JX429973,E2,2567,3766
JX429973,E6,106,528
JX429973,E7,525,818
JX429973,L1,5360,6889
JX429973,L2,3775,5349
JX444072,E1,777,2603
JX444072,E2,2536,3726
JX444072,E6,96,540
JX444072,E7,512,793
JX444072,L1,5256,6783
JX444072,L2,3726,5243
JX444073,E1,757,2559
JX444073,E2,2477,3664
JX444073,E6,80,502
JX444073,E7,492,773
JX444073,L1,5212,6732
JX444073,L2,3666,5201
JX899359,E1,783,2663
JX899359,E6,67,479
JX899359,E7,482,793
JX899359,L1,5864,7357
JX899359,L2,4278,5852
K02718,E1,865,2820
K02718,E2,2753,3853
K02718,E6,104,559
K02718,E7,562,858
K02718,L1,5639,7157
K02718,L2,4237,5658
KC108721,E1,696,2519
KC108721,E6,1,444
KC108721,E7,419,712
KC108721,L1,5227,6741
KC108721,L2,3675,5216
KC108722,E1,719,2548
KC108722,E2,2490,3662
KC108722,E6,1,432
KC108722,E7,436,732
KC108722,L1,5252,6811
KC108722,L2,3667,5241
KC113191,E1,700,2505
KC113191,E2,2441,3667
KC113191,E6,1,423
KC113191,E7,420,713
KC113191,L1,5229,6770
KC113191,L2,3689,5218
KC138720,E1,796,2778
KC138720,E5_BETA,4056,4204
KC138720,E6,110,550
KC138720,E7,526,789
KC138720,L1,5741,7258
KC138720,L2,4336,5760
KC311731,E1,1047,2849
KC311731,E2,2785,3981
KC311731,E6,346,777
KC311731,E7,764,1060
KC311731,L1,5557,7110
KC311731,L2,3987,5546
KC460987,E1,685,2501
KC460987,E6,1,416
KC460987,L2,4148,5547
KC858263,E1,766,2694
KC858263,E2,2645,3940
KC858263,E6,49,468
KC858263,E7,468,782
KC858263,L1,5583,7106
KC858263,L2,3987,5576
KC858264,E1,785,2653
KC858264,E6,51,521
KC858264,E7,497,778
KC858264,L1,5651,7157
KC858265,E1,721,2649
KC858265,E2,2600,3931
KC858265,E6,1,420
KC858265,E7,420,734
KC858265,L1,5577,7097
KC858265,L2,3972,5570
KC858266,E1,703,2535
KC858266,E2,2477,3757
KC858266,E7,270,722
KC858266,L1,5994,7523
KC858266,L2,4186,5983
KC862317,E1,1074,2876
KC862317,E2,2806,3984
KC862317,E6,381,800
KC862317,E7,797,1090
KC862317,L1,5560,7131
KC862317,L2,3986,5548
KF006398,E1,736,2550
KF006398,E2,2486,3658
KF006398,E6,19,450
KF006398,E7,453,752
KF006398,L1,5159,6736
KF006398,L2,3660,5150
KF006399,E1,921,2723
KF006399,E6,220,651
KF006399,E7,638,934
KF006399,L1,5410,6960
KF006399,L2,3846,5399
KF006400,E1,730,2541
KF006400,E2,2483,3658
KF006400,E6,31,453
KF006400,E7,450,743
KF006400,L1,5287,6828
KF006400,L2,3689,5272
KF482069,E1,1051,2850
KF482069,E2,2786,3967
KF482069,E6,349,771
KF482069,E7,768,1064
KF482069,L1,5518,7083
KF482069,L2,3969,5507
KF791917,E1,797,2584
KF791917,E2,2520,3674
KF791917,E6,101,523
KF791917,E7,520,813
KF791917,L1,5307,6833
KF791917,L2,3671,5296
KF857586,E1,1336,3207
KF857586,E2,3149,4387
KF857586,E6,14,1060
KF857586,E7,1062,1346
KF857586,L2,4389,5967
KJ913662,E1,694,2490
KJ913662,E2,2423,3619
KJ913662,E6,1,420
KJ913662,E7,417,710
KJ913662,L1,5160,6671
KJ913662,L2,3619,5148
KM085343,E1,687,2510
KM085343,E2,2452,3630
KM085343,E6,1,444
KM085343,E7,419,703
KM085343,L1,5202,6749
KM085343,L2,3632,5230
KM983393,E1,1100,2929
KM983393,E10,474,602
KM983393,E2,2871,4085
KM983393,E7,808,1110
KM983393,L2,4099,5673
KP205502,E1,728,2614
KP205502,E2,2556,3917
KP205502,E6,112,426
KP205502,E7,423,741
KP205502,L1,5461,7466
KP205503,E1,843,2709
KP205503,E2,2651,4208
KP205503,E6,106,563
KP205503,L1,5752,7377
KP205503,L2,4221,5771
KP276343,E1,753,2600
KP276343,E2,2542,3783
KP276343,E5,3857,3992
KP276343,E6,68,483
KP276343,E7,458,766
KP276343,L1,5610,7097
KP276343,L2,4172,5599
KP692114,E1,685,2481
KP692114,E2,2408,3613
KP692114,E6,1,420
KP692114,E7,417,698
KP692114,L1,5132,6676
KP692114,L2,3613,5121
KP692116,E1,717,2534
KP692116,E2,2470,3648
KP692116,E6,1,432
KP692116,E7,434,733
KP692116,L1,5155,6741
KP692116,L2,3650,5146
KP692118,E1,697,2508
KP692118,E2,2444,3658
KP692118,E6,1,433
KP692118,E7,420,713
KP692118,L1,5239,6776
KP692118,L2,3663,5228
KP769769,E1,689,2536
KP769769,E7,411,689
KP769769,L1,5191,6717
KP769769,L2,3669,5180
KP861980,E1,975,2939
KP861980,E2,2881,4113
KP861980,E6,239,658
KP861980,E7,655,970
KP861980,L1,5867,7390
KP861980,L2,4436,5886
KR816167,E1,691,2487
KR816167,E2,2411,3606
KR816167,E6,1,420
KR816167,E7,417,707
KR816167,L1,5187,6755
KR816167,L2,3608,5176
KR816168,E1,1583,3553
KR816168,E2,3492,4589
KR816168,E5_ALPHA,4699,4926
KR816168,E6,805,1257
KR816168,E7,1274,1576
KR816168,L2,5015,6438
KR816169,E1,1236,3050
KR816169,E2,2986,4152
KR816169,E6,121,956
KR816169,E7,959,1252
KR816169,L2,4155,5657
KR816170,E1,1080,2897
KR816170,E2,2839,4212
KR816170,E6,384,809
KR816170,E7,806,1087
KR816170,L2,4280,5881
KR816171,E1,1213,3024
KR816171,E2,2960,4180
KR816171,E6,508,927
KR816171,E7,927,1226
KR816171,L2,4183,5739
KR816172,E1,1095,2930
KR816172,E2,2872,4269
KR816172,E6,399,809
KR816172,E7,806,1105
KR816172,L2,4329,5894
KR816173,E1,1248,3092
KR816173,E2,3034,4239
KR816173,E6,561,974
KR816173,E7,974,1258
KR816173,L2,4242,5812
KR816174,E1,694,2505
KR816174,E2,2426,3619
KR816174,E6,1,420
KR816174,E7,417,707
KR816174,L1,5215,6759
KR816174,L2,3621,5204
KR816175,E1,1192,2991
KR816175,E2,2915,4105
KR816175,E6,509,934
KR816175,E7,924,1205
KR816175,L2,4105,5625
KR816176,E1,1198,3036
KR816176,E6,512,922
KR816176,E7,924,1208
KR816176,L2,4183,5754
KR816177,E1,1219,3042
KR816177,E2,2984,4171
KR816177,E6,530,973
KR816177,E7,948,1235
KR816177,L2,4173,5768
KR816178,E1,1257,3086
KR816178,E2,3028,4212
KR816178,E6,541,972
KR816178,E7,974,1270
KR816178,L2,4214,5788
KR816179,E1,1187,3001
KR816179,E2,2937,4132
KR816179,E6,491,910
KR816179,E7,907,1200
KR816179,L2,4139,5692
KR816180,E1,1213,3042
KR816180,E2,2984,4210
KR816180,E6,527,964
KR816180,E7,939,1220
KR816180,L1,5792,7280
KR816180,L2,4213,5781
KR816181,E1,1187,3010
KR816181,E2,2946,4163
KR816181,E6,482,904
KR816181,E7,901,1200
KR816181,L2,4166,5722
KR816182,E1,1113,2933
KR816182,E2,2875,4380
KR816182,E6,417,826
KR816182,E7,827,1126
KR816182,L2,4472,6022
KR816183,E1,1100,2920
KR816183,E2,2862,4313
KR816183,E6,410,820
KR816183,E7,820,1110
KR816183,L2,4392,5951
KT272399,E1,694,2523
KT272399,E2,2462,3955
KT272399,E6,1,411
KT272399,E7,414,710
KT272399,L1,6003,7523
KT272399,L2,4463,5989
KT326919,E1,861,2750
KT326919,E2,2692,4143
KT326919,E6,154,609
KT326919,E7,569,871
KT326919,L1,5896,7398
KT326919,L2,4355,5872
KT626573,E1,831,2678
KT626573,E2,2620,3837
KT626573,E6,118,525
KT626573,E7,482,838
KT626573,L1,5919,7421
KT626573,L2,4415,5905
KT698166,E1,682,2487
KT698166,E2,2420,3624
KT698166,E6,1,417
KT698166,E7,417,698
KT698166,L1,5155,6687
KT698166,L2,3624,5144
KT698167,E1,700,2511
KT698167,E2,2453,3631
KT698167,E6,1,423
KT698167,E7,420,713
KT698167,L1,5251,6798
KT698167,L2,3653,5236
KT698168,E1,694,2496
KT698168,E2,2438,3612
KT698168,E6,1,423
KT698168,E7,420,707
KT698168,L1,5190,6727
KT698168,L2,3616,5178
KT852571,E1,859,2692
KT852571,E2,2628,4198
KT901797,E1,762,2660
KT901797,E2,2602,4067
KT901797,E6,52,507
KT901797,E7,467,772
KT901797,L1,5832,7331
KT901797,L2,4294,5808
KT932712,E10,513,695
KT932712,E2,2904,4202
KT932712,E7,895,1179
KT932712,L1,5868,7406
KT932712,L2,4227,5851
KT932713,E1,1103,2932
KT932713,E7,841,1097
KT932713,L2,4138,5643
KT944080,E1,766,2655
KT944080,E2,2594,3676
KT944080,E5_EPSILON,3936,4061
KT944080,E6,1,450
KT944080,E7,464,760
KT944080,L1,5633,7135
KT944080,L2,4234,5652
KT945134,E1,675,2477
KT945134,E2,2419,4074
KT945134,E6,1,408
KT945134,E7,410,688
KT945134,L1,5730,7229
KT945134,L2,4168,5718
KU350625,E1,672,2474
KU350625,L1,5328,6814
KU519393,E1,713,2540
KU519393,E2,2482,3740
KU519393,E6,7,449
KU519393,L2,3746,5317
KU519394,E1,693,2518
KU519394,E2,2502,3662
KU519394,E6,1,450
KU519394,E7,416,703
KU519394,L1,5256,6785
KU519394,L2,3672,5246
KU519395,E1,688,2484
KU519395,E10,41,169
KU519395,E2,2426,3694
KU519395,E6,1,420
KU519395,E7,417,698
KU519395,L1,5275,6822
KU519395,L2,3704,5266
KU519396,E1,716,2501
KU519396,E2,2443,3603
KU519396,E6,1,438
KU519396,E7,413,697
KU519396,L1,5170,6681
KU519396,L2,3606,5163
KU963288,E1,708,2630
KU963288,E2,2557,4542
KU963288,E6,3,468
KU963288,E7,416,721
KU963288,L2,4611,6077
KX082661,E1,709,2514
KX082661,E2,2447,3640
KX082661,E6,1,423
KX082661,E7,420,725
KX082661,L1,5180,6703
KX082661,L2,3646,5169
KX098515,E1,726,2564
KX098515,E10,98,226
KX098515,E2,2506,3753
KX098515,E7,440,736
KX098515,L1,5354,6889
KX098515,L2,3765,5342
KX276956,E1,757,2733
KX276956,E2,2654,3896
KX276956,E6,8,492
KX276956,E7,489,770
KX276956,L1,5647,7261
KX276956,L2,3920,5636
KX599536,E1,699,2543
KX599536,E2,2482,3954
KX599536,E6,1,417
KX599536,E7,419,715
KX599536,L1,5934,7445
KX599536,L2,4382,5917
KX781280,E1,690,2513
KX781280,E2,2455,3660
KX781280,E6,1,447
KX781280,E7,419,706
KX781280,L1,5226,6758
KX781280,L2,3662,5254
KX781281,E1,687,2525
KX781281,E2,2467,3693
KX781281,E6,1,411
KX781281,E7,413,697
KX781281,L1,5275,6828
KX781281,L2,3696,5264
KX781282,E1,679,2487
KX781282,E2,2429,3676
KX781282,E6,1,414
KX781282,E7,414,689
KX781282,L1,5234,6784
KX781282,L2,3679,5223
KX781284,E1,690,2513
KX781284,E2,2455,3639
KX781284,E6,1,444
KX781284,E7,419,706
KX781284,L1,5212,6741
KX781284,L2,3642,5240
KX781285,E1,702,2504
KX781285,E6,1,432
KX781285,E7,419,715
KX781285,L1,5215,6771
KX781285,L2,3645,5204
KX954121,E1,1380,3257
KX954121,E2,3202,4413
KX954121,E5,4413,4574
KX954121,E6,732,1103
KX954121,E7,1078,1383
KX954121,L2,4764,6257
KX954132,E1,789,2618
KX954132,E2,2560,3770
KX954132,E6,118,525
KX954132,E7,485,796
KX954132,L2,4166,5662
KY242583,E1,715,2538
KY242583,E2,2480,3853
KY242583,E6,7,423
KY242583,E7,420,728
KY242583,L1,5476,6999
KY242583,L2,3905,5464
KY370096,E1,736,2586
KY370096,E2,2519,3724
KY370096,E6,1,420
KY370096,E7,420,749
KY370096,L1,5411,6949
KY370096,L2,3784,5400
KY705374,E2,2930,4364
KY705374,E6,225,907
KY705374,E7,897,1154
KY705374,L2,4366,5965
KY817993,E1,689,2518
KY817993,E2,2457,4433
KY817993,E6,13,418
KY817993,E7,415,705
KY817993,L1,6154,7686
KY817993,L2,4433,6141
M12732,E1,879,2813
M12732,E2,2749,3810
M12732,E5_ALPHA,3851,4081
M12732,E6,109,558
M12732,E7,573,866
M12732,L1,5594,7093
M12732,L2,4210,5613
M12737,E1,951,2762
M12737,E2,2704,4200
M12737,E6,196,663
M12737,E7,653,964
M12737,L1,5851,7395
M12737,L2,4281,5837
M14119,E1,832,2781
M14119,E2,2723,3826
M14119,E5_DELTA,4143,4370
M14119,E5_GAMMA,3871,4152
M14119,E6,102,554
M14119,E7,530,826
M14119,L1,5771,7276
M14119,L2,4417,5784
M17463,E1,961,2781
M17463,E2,2723,4267
M17463,E6,200,673
M17463,E7,663,980
M17463,L1,5917,7469
M17463,L2,4348,5904
M20219,E1,849,2663
M20219,E2,2605,3840
M20219,E5,3882,4016
M20219,E6,91,504
M20219,E7,479,862
M20219,L1,5601,7094
M20219,L2,4185,5588
M32305,E1,966,2783
M32305,E2,2725,4245
M32305,E6,208,678
M32305,E7,668,973
M32305,L1,5903,7447
M32305,L2,4334,5890
M62849,E1,928,2871
M62849,E2,2798,3910
M62849,E6,107,583
M62849,E7,592,921
M62849,L1,5643,7160
M62849,L2,4250,5662
M62877,E1,874,2778
M62877,E2,2720,3804
M62877,E6,97,552
M62877,E7,560,865
M62877,L1,5521,7045
M62877,L2,4134,5540
M73236,E1,829,2760
M73236,E2,2702,3898
M73236,E6,114,542
M73236,E7,542,823
M73236,L1,5837,7345
M73236,L2,4423,5856
MF168943,E1,1293,3245
MF168943,E6,60,780
MF168943,E7,782,1333
MF168943,L2,4555,6115
MF176072,E1,709,2526
MF176072,E2,2459,3632
MF176072,E6,1,420
MF176072,E7,420,725
MF176072,L1,5157,6677
MF176072,L2,3632,5146
MF327535,E1,569,2425
MF327535,E2,2364,3761
MF327535,E6,1,423
MF327535,L1,5585,7093
MF327535,L2,4153,5604
MF327536,E1,568,2433
MF327536,E2,2354,3724
MF327536,E6,1,426
MF327536,L1,5496,7016
MF327536,L2,4046,5515
MF327537,E1,714,2618
MF327537,E2,2569,4180
MF327537,E6,52,443
MF327537,E7,446,727
MF327537,L1,5799,7310
MF327537,L2,4314,5787
MF327538,E1,688,2478
MF327538,E2,2420,3562
MF327538,E6,1,420
MF327538,E7,417,698
MF327538,L1,6018,7511
MF356498,E1,694,2490
MF356498,E2,2414,3607
MF356498,E6,1,420
MF356498,E7,417,707
MF356498,L1,5178,6719
MF356498,L2,3607,5166
MF509816,E1,694,2508
MF509816,E2,2429,3619
MF509816,E6,1,420
MF509816,E7,417,707
MF509816,L1,5231,6781
MF509816,L2,3622,5220
MF509817,E1,727,2526
MF509817,E2,2465,3628
MF509817,E6,25,447
MF509817,E7,444,743
MF509817,L2,3628,5154
MF509818,E1,699,2513
MF509818,E2,2449,3624
MF509818,E6,1,435
MF509818,E7,422,715
MF509818,L1,5133,6659
MF509818,L2,3629,5122
MF509819,E1,284,2188
MF509819,E10,7161,7274
MF509819,E2,2130,3296
MF509819,E7,1,303
MF509819,L1,4984,6519
MF509819,L2,3366,4973
MF509820,E1,717,2528
MF509820,E2,2473,3624
MF509820,E6,13,437
MF509820,E7,440,733
MF509820,L1,5146,6696
MF509820,L2,3626,5137
MF509821,E1,739,2550
MF509821,E2,2495,3667
MF509821,E6,34,459
MF509821,E7,462,755
MF509821,L1,5195,6748
MF509821,L2,3669,5186
MF588676,E1,722,2677
MF588676,E2,2613,3764
MF588676,E5_BETA,4092,4223
MF588676,E6,1,447
MF588676,E7,423,716
MF588676,L1,5722,7236
MF588676,L2,4344,5744
MF588677,E1,685,2547
MF588677,E2,2489,3904
MF588677,E6,1,411
MF588677,E7,411,698
MF588677,L1,5568,7103
MF588677,L2,3994,5556
MF588681,E1,730,2547
MF588681,E2,2489,3808
MF588681,E6,22,444
MF588681,E7,441,743
MF588681,L1,5471,6991
MF588681,L2,3871,5460
MF588682,E1,700,2520
MF588682,E2,2462,3757
MF588682,E6,1,426
MF588682,E7,423,713
MF588682,L1,5406,6929
MF588682,L2,3836,5395
MF588683,E2,2480,3856
MF588683,E7,423,731
MF588683,L2,3925,5490
MF588684,E1,733,2556
MF588684,E2,2498,3799
MF588684,E6,22,447
MF588684,E7,444,746
MF588684,L1,5470,6990
MF588684,L2,3864,5459
MF588685,E1,679,2517
MF588685,E2,2459,3883
MF588685,E6,1,417
MF588685,E7,414,689
MF588685,L1,5515,7050
MF588685,L2,3933,5504
MF588686,E1,682,2520
MF588686,E2,2462,3874
MF588686,E6,1,417
MF588686,E7,414,692
MF588686,L1,5513,7048
MF588686,L2,3931,5502
MF588687,E1,694,2511
MF588687,E2,2453,3865
MF588687,E6,1,411
MF588687,E7,408,707
MF588687,L1,5480,7018
MF588687,L2,3915,5468
MF588688,E1,697,2538
MF588688,E2,2471,3652
MF588688,E6,1,426
MF588688,E7,423,713
MF588688,L2,3659,5191
MF588689,E1,700,2490
MF588689,E2,2426,3580
MF588689,E6,1,426
MF588689,E7,423,713
MF588689,L2,3577,5187
MF588690,E1,700,2526
MF588690,E2,2462,3634
MF588690,E6,1,426
MF588690,E7,426,716
MF588690,L2,3655,5202
MF588692,E1,700,2532
MF588692,E2,2465,3637
MF588692,E6,1,426
MF588692,E7,423,716
MF588692,L1,5172,6725
MF588692,L2,3638,5161
MF588693,E1,700,2532
MF588693,E2,2465,3634
MF588693,E6,1,426
MF588693,E7,423,713
MF588693,L1,5155,6708
MF588693,L2,3636,5144
MF588694,E1,708,2522
MF588694,E2,2458,3657
MF588694,E6,1,426
MF588694,E7,428,724
MF588694,L1,5172,6725
MF588694,L2,3660,5165
MF588695,E1,694,2493
MF588695,E2,2435,3618
MF588695,E6,1,423
MF588695,E7,420,707
MF588695,L1,5202,6740
MF588695,L2,3622,5190
MF588696,E1,290,2155
MF588696,E10,7091,7204
MF588696,E2,2097,3272
MF588696,E7,1,309
MF588696,L1,4940,6490
MF588696,L2,3355,4929
MF588698,E1,687,2525
MF588698,E2,2467,3684
MF588698,E6,1,411
MF588698,E7,413,697
MF588698,L1,5261,6808
MF588698,L2,3686,5251
MF588701,E1,687,2525
MF588701,E2,2467,3681
MF588701,E6,1,411
MF588701,E7,413,697
MF588701,L1,5260,6813
MF588701,L2,3684,5249
MF588702,E1,691,2532
MF588702,E2,2483,3703
MF588702,E6,1,417
MF588702,E7,414,701
MF588702,L1,5330,6880
MF588702,L2,3721,5319
MF588703,E1,690,2543
MF588703,E2,2485,3687
MF588703,E6,1,414
MF588703,E7,419,700
MF588703,L1,5266,6810
MF588703,L2,3696,5255
MF588704,E1,694,2496
MF588704,E2,2426,3613
MF588704,E6,1,420
MF588704,E7,417,710
MF588704,L1,5189,6772
MF588704,L2,3615,5177
MF588705,E1,694,2514
MF588705,E2,2435,3628
MF588705,E6,1,420
MF588705,E7,417,707
MF588705,L1,5255,6805
MF588705,L2,3643,5244
MF588706,E1,697,2514
MF588706,E2,2435,3631
MF588706,E6,1,420
MF588706,E7,417,710
MF588706,L1,5245,6786
MF588706,L2,3633,5234
MF588707,E1,691,2487
MF588707,E2,2420,3607
MF588707,E6,1,420
MF588707,E7,417,707
MF588707,L1,5201,6775
MF588707,L2,3609,5189
MF588708,E1,697,2514
MF588708,E6,1,420
MF588708,E7,417,710
MF588708,L1,5213,6763
MF588708,L2,3610,5202
MF588709,E1,741,2543
MF588709,E2,2479,3657
MF588709,E6,34,455
MF588709,E7,461,760
MF588709,L1,5180,6722
MF588709,L2,3660,5171
MF588710,E1,708,2516
MF588710,E2,2452,3642
MF588710,E6,1,426
MF588710,E7,428,724
MF588710,L1,5178,6740
MF588710,L2,3644,5170
MF588711,E1,708,2522
MF588711,E2,2458,3657
MF588711,E6,1,426
MF588711,E7,428,724
MF588711,L1,5184,6749
MF588711,L2,3659,5176
MF588712,E1,708,2501
MF588712,E2,2437,3627
MF588712,E6,1,426
MF588712,E7,428,724
MF588712,L1,5151,6704
MF588712,L2,3627,5150
MF588714,E1,712,2535
MF588714,E2,2471,3640
MF588714,E7,435,731
MF588714,L1,5157,6731
MF588714,L2,3643,5148
MF588715,E1,720,2531
MF588715,E2,2467,3639
MF588715,E6,1,434
MF588715,E7,437,733
MF588715,L1,5150,6733
MF588715,L2,3642,5141
MF588716,E1,670,2478
MF588716,E2,2411,3589
MF588716,E6,1,420
MF588716,E7,417,686
MF588716,L1,5121,6653
MF588716,L2,3591,5109
MF588717,E1,697,2496
MF588717,E2,2429,3615
MF588717,E6,1,420
MF588717,E7,417,713
MF588717,L1,5152,6669
MF588717,L2,3615,5141
MF588718,E1,703,2502
MF588718,E2,2429,3616
MF588718,E6,25,444
MF588718,E7,441,719
MF588718,L1,5181,6707
MF588718,L2,3626,5170
MF588719,E1,682,2478
MF588719,E2,2411,3586
MF588719,E6,1,417
MF588719,E7,417,698
MF588719,L1,5107,6633
MF588719,L2,3588,5096
MF588720,E1,847,2658
MF588720,E2,2591,3781
MF588720,E6,166,582
MF588720,E7,582,863
MF588720,L1,5233,6840
MF588720,L2,3786,5300
MF588721,E1,699,2510
MF588721,E2,2446,3636
MF588721,E6,1,435
MF588721,E7,422,712
MF588721,L1,5163,6686
MF588721,L2,3638,5152
MF588723,E1,687,2492
MF588723,E2,2419,3612
MF588723,E6,1,426
MF588723,E7,416,703
MF588723,L2,3614,5138
MF588724,E1,700,2520
MF588724,E2,2456,3667
MF588724,E6,1,423
MF588724,E7,420,713
MF588724,L2,3671,5212
MF588725,E1,700,2520
MF588725,E2,2456,3649
MF588725,E6,1,423
MF588725,E7,420,713
MF588725,L1,5226,6776
MF588725,L2,3677,5215
MF588726,E1,748,2562
MF588726,E2,2498,3712
MF588726,E6,49,471
MF588726,E7,468,764
MF588726,L1,5261,6808
MF588726,L2,3724,5250
MF588727,E1,700,2505
MF588727,E2,2441,3658
MF588727,E6,1,423
MF588727,E7,420,713
MF588727,L1,5207,6745
MF588727,L2,3676,5196
MF588728,E1,714,2546
MF588728,E2,2482,3672
MF588728,E6,1,429
MF588728,E7,431,730
MF588728,L2,3675,5198
MF588729,E1,700,2526
MF588729,E2,2462,3658
MF588729,E6,1,423
MF588729,E7,420,713
MF588729,L1,5237,6766
MF588729,L2,3667,5226
MF588731,E1,697,2490
MF588731,E2,2426,3592
MF588731,E6,1,423
MF588731,E7,420,710
MF588731,L1,5203,6720
MF588731,L2,3594,5192
MF588732,E1,808,2613
MF588732,E2,2546,3745
MF588732,E6,100,522
MF588732,E7,519,824
MF588732,L1,5314,6846
MF588732,L2,3761,5302
MF588733,E1,709,2508
MF588733,E2,2441,3652
MF588733,E6,1,423
MF588733,E7,420,719
MF588733,L1,5210,6736
MF588733,L2,3665,5197
MF588734,E1,702,2504
MF588734,E2,2440,3627
MF588734,E6,1,438
MF588734,E7,419,715
MF588734,L1,5191,6750
MF588734,L2,3627,5180
MF588735,E1,702,2504
MF588735,E2,2440,3633
MF588735,E6,1,432
MF588735,E7,419,715
MF588735,L1,5200,6753
MF588735,L2,3639,5189
MF588736,E1,703,2508
MF588736,E2,2444,3637
MF588736,E6,1,423
MF588736,E7,420,716
MF588736,L1,5223,6779
MF588736,L2,3671,5212
MF588737,E1,703,2508
MF588737,E2,2444,3646
MF588737,E6,1,423
MF588737,E7,420,716
MF588737,L1,5237,6793
MF588737,L2,3673,5226
MF588738,E1,703,2508
MF588738,E2,2444,3667
MF588738,E6,1,423
MF588738,E7,420,716
MF588738,L1,5260,6816
MF588738,L2,3696,5249
MF588739,E1,703,2508
MF588739,E2,2444,3649
MF588739,E6,1,423
MF588739,E7,420,716
MF588739,L1,5241,6794
MF588739,L2,3677,5230
MF588740,E1,703,2502
MF588740,E2,2438,3624
MF588740,E6,1,433
MF588740,E7,420,713
MF588740,L1,5198,6765
MF588740,L2,3627,5186
MF588741,E1,817,2622
MF588741,E2,2558,3739
MF588741,E6,115,537
MF588741,E7,534,830
MF588741,L1,5305,6870
MF588741,L2,3741,5294
MF588742,E1,703,2508
MF588742,E2,2444,3622
MF588742,E6,1,423
MF588742,E7,420,716
MF588742,L1,5198,6757
MF588742,L2,3624,5186
MF588743,E1,703,2508
MF588743,E2,2444,3622
MF588743,E6,1,423
MF588743,E7,420,716
MF588743,L1,5201,6760
MF588743,L2,3624,5189
MF588744,E1,696,2519
MF588744,E2,2455,3669
MF588744,E6,1,444
MF588744,E7,419,712
MF588744,L1,5224,6741
MF588744,L2,3678,5213
MF588745,E1,696,2510
MF588745,E6,1,444
MF588745,E7,419,712
MF588745,L1,5206,6726
MF588745,L2,3657,5195
MF588746,E1,690,2513
MF588746,E2,2455,3645
MF588746,E6,1,444
MF588746,E7,419,706
MF588746,L1,5214,6750
MF588746,L2,3647,5242
MF588747,E1,690,2510
MF588747,E2,2452,3636
MF588747,E6,1,444
MF588747,E7,419,706
MF588747,L1,5211,6749
MF588747,L2,3638,5239
MF588748,E1,690,2510
MF588748,E2,2452,3654
MF588748,E6,1,447
MF588748,E7,419,706
MF588748,L1,5220,6752
MF588748,L2,3656,5248
MF588750,E1,690,2513
MF588750,E2,2455,3657
MF588750,E6,1,447
MF588750,E7,419,706
MF588750,L1,5208,6740
MF588750,L2,3659,5236
MF588751,E1,690,2513
MF588751,E2,2455,3639
MF588751,E6,1,444
MF588751,E7,419,706
MF588751,L1,5214,6752
MF588751,L2,3641,5242
MF588753,E1,700,2529
MF588753,E2,2465,3655
MF588753,E6,1,423
MF588753,E7,420,716
MF588753,L2,3657,5204
MF588754,E1,667,2499
MF588754,E6,1,426
MF588754,E7,423,683
MF588754,L1,5198,6764
MF588754,L2,3631,5187
MF588755,E1,697,2487
MF588755,E2,2423,3580
MF588755,E6,1,423
MF588755,E7,420,710
MF588755,L1,5207,6766
MF588755,L2,3577,5196
MF588756,E1,703,2514
MF588756,E2,2450,3634
MF588756,E6,1,423
MF588756,E7,420,719
MF588756,L1,5226,6785
MF588756,L2,3637,5214
MF588757,E1,694,2544
MF588757,E2,2486,3658
MF588757,E6,1,411
MF588757,E7,413,694
MF588757,L1,5200,6717
MF588757,L2,3678,5189
MF588758,E1,688,2538
MF588758,E2,2480,3690
MF588758,E6,1,407
MF588758,E7,414,698
MF588758,L1,5302,6848
MF588758,L2,3696,5291
MG063749,E1,703,2499
MG063749,E2,2435,3634
MG063749,E6,1,423
MG063749,E7,420,716
MG063749,L1,5198,6760
MG063749,L2,3637,5187
MG252779,E1,747,2543
MG252779,E2,2488,3723
MG252779,E6,1,405
MG252779,E7,380,757
MG252779,L1,5488,6978
MG252779,L2,3922,5475
MG281846,E1,689,2521
MG281846,E10,1,129
MG281846,E2,2460,3659
MG281846,E7,403,699
MG281846,L1,5261,6778
MG281846,L2,3670,5250
MG520499,E1,688,2520
MG520499,E2,2462,3661
MG520499,E6,1,414
MG520499,E7,414,698
MG520499,L1,5246,6808
MG520499,L2,3664,5235
MG571089,E1,679,2535
MG571089,E2,2468,3649
MG571089,E7,402,689
MG571089,L1,5367,6911
MG571089,L2,3727,5351
MG571090,E1,687,2480
MG571090,E2,2419,3623
MG571090,E6,1,438
MG571090,E7,428,700
MG571090,L1,5302,6900
MG571091,E1,556,2415
MG571091,E2,2354,3673
MG571091,E6,1,423
MG571091,L1,5535,7055
MG571091,L2,4001,5554
MG571092,E1,555,2420
MG571092,E2,2359,3675
MG571092,E6,1,423
MG571092,L1,5532,7055
MG571092,L2,3995,5551
MG571093,E1,715,2613
MG571093,E6,28,444
MG571093,E7,441,725
MG571093,L1,5569,7194
MG571093,L2,4071,5557
MG571094,E1,694,2504
MG571094,E2,2434,4026
MG571094,E6,5,413
MG571094,E7,410,712
MG571094,L1,5703,7196
MG571095,E1,678,2570
MG571095,E2,2512,4086
MG571095,E6,43,429
MG571095,E7,404,694
MG571095,L1,5930,7307
MG602223,E1,680,2509
MG602223,E10,1,129
MG602223,E2,2454,3659
MG602223,E7,394,690
MG602223,L1,5262,6776
MG602223,L2,3674,5251
MG744508,E1,739,2601
MG744508,E2,2543,3703
MG744508,E6,1,567
MG744508,L1,5259,6761
MG744508,L2,3835,5244
MG813996,E1,275,2185
MG813996,E10,7121,7234
MG813996,E2,2127,3305
MG813996,E7,1,294
MG813996,L1,5031,6582
MG813996,L2,3425,5020
MG837557,E1,731,2659
MG837557,E2,2601,3710
MG837557,E5,3900,4077
MG837557,E6,1,426
MG837557,E7,426,725
MG837557,L1,5543,7054
MG837557,L2,4156,5562
MG837558,E1,752,2701
MG837558,E2,2643,3812
MG837558,E6,1,447
MG837558,E7,423,746
MG837558,L1,5772,7289
MG837558,L2,4406,5791
MG837559,E1,697,2493
MG837559,E2,2435,3701
MG837559,E6,1,429
MG837559,E7,426,710
MG837559,L1,5285,6823
MG837559,L2,3703,5274
MG869605,E1,694,2499
MG869605,E2,2435,3631
MG869605,E6,1,420
MG869605,E7,417,707
MG869605,L1,5181,6725
MG869605,L2,3638,5170
MG905161,E1,782,2728
MG905161,E6,1,657
MG905161,L1,5680,7202
MG921180,E1,691,2532
MG921180,E2,2483,3703
MG921180,E6,1,417
MG921180,E7,414,701
MG921180,L1,5330,6880
MG921180,L2,3721,5319
MH049343,E1,1352,3208
MH049343,E2,3150,4393
MH049343,E5,4466,4592
MH049343,E6,654,1073
MH049343,E7,1048,1365
MH049343,L2,4771,6228
MH172376,E1,1146,2957
MH172376,E2,2893,4065
MH172376,E6,445,879
MH172376,E7,866,1159
MH172376,L2,4078,5571
MH172377,E1,1303,3111
MH172377,E2,3050,4216
MH172377,E7,1020,1319
MH172377,L2,4219,5824
MH172378,E1,1222,3054
MH172378,E2,2996,4180
MH172378,E6,509,940
MH172378,E7,942,1235
MH172378,L2,4182,5753
MH172379,E1,1245,3047
MH172379,E2,2980,4176
MH172379,E6,546,968
MH172379,E7,965,1255
MH172379,L2,4193,5725
MH285952,E1,684,2525
MH285952,E2,2467,3921
MH285952,E6,1,419
MH285952,E7,416,697
MH285952,L1,6185,7713
MH285952,L2,4636,6171
MH285953,E1,694,2511
MH285953,E2,2453,3934
MH285953,E6,1,430
MH285953,E7,417,707
MH285953,L1,6321,7827
MH285953,L2,4737,6305
MH285954,E1,694,2517
MH285954,E2,2459,3931
MH285954,E7,417,707
MH285954,L1,6168,7676
MH285954,L2,4580,6147
MH376689,E1,741,2567
MH376689,E2,2503,5256
MH376689,E7,467,748
MH376689,L1,6840,8351
MH460956,E1,679,2478
MH460956,E2,2405,3592
MH460956,E6,1,420
MH460956,E7,417,695
MH460956,L1,5146,6672
MH460956,L2,3594,5135
MH469677,E1,749,2713
MH469677,E2,2655,3803
MH469677,E6,1,447
MH469677,E7,423,743
MH469677,L1,5738,7258
MH469677,L2,4363,5757
MH512005,E1,738,2564
MH512005,E2,2512,3738
MH512005,E6,1,435
MH512005,E7,432,751
MH512005,L1,5376,6886
MH512005,L2,3740,5369
MH605022,E1,1336,3198
MH605022,E2,3140,4192
MH605022,E6,47,1046
MH605022,E7,1059,1349
MH605022,L1,5624,7041
MH605022,L2,4194,5613
MH625918,E1,654,2498
MH625918,E2,2422,3648
MH625918,E7,383,664
MH625918,L1,5154,6668
MH625918,L2,3714,5138
MH675888,E1,703,2520
MH675888,E2,2462,3790
MH675888,E6,1,426
MH675888,E7,423,710
MH675888,L1,5468,6991
MH675888,L2,3855,5456
MH745747,E1,695,2527
MH745747,E2,2469,3683
MH745747,E6,1,416
MH745747,E7,421,708
MH745747,L1,5278,6834
MH745747,L2,3686,5266
MH745748,E1,729,2666
MH745748,E2,2608,3720
MH745748,E5,3957,4111
MH745748,E7,429,722
MH745748,L1,5628,7133
MH745748,L2,4223,5647
MH745749,E1,697,2526
MH745749,E6,1,426
MH745749,E7,423,713
MH745749,L1,5213,6751
MH745749,L2,3672,5202
MH777156,E1,678,2498
MH777156,E6,1,423
MH777156,E7,413,694
MH777156,L1,5179,6702
MH777156,L2,3603,5168
MH777158,E1,717,2552
MH777158,E2,2494,3675
MH777158,E6,1,432
MH777158,E7,434,730
MH777158,L1,5265,6827
MH777158,L2,3677,5254
MH777159,E1,708,2525
MH777159,E2,2461,3669
MH777159,E6,1,426
MH777159,E7,428,724
MH777159,L1,5194,6750
MH777159,L2,3672,5186
MH777160,E1,703,2514
MH777160,E2,2450,3628
MH777160,E6,1,423
MH777160,E7,420,719
MH777160,L1,5225,6784
MH777160,L2,3630,5213
MH777161,E1,719,2548
MH777161,E2,2490,3662
MH777161,E6,1,432
MH777161,E7,436,732
MH777161,L1,5247,6806
MH777161,L2,3668,5236
MH777162,E1,1187,3001
MH777162,E2,2937,4124
MH777162,E6,488,910
MH777162,E7,907,1200
MH777162,L2,4126,5670
MH777163,E1,700,2517
MH777163,E2,2453,3652
MH777163,E6,1,423
MH777163,E7,420,713
MH777163,L1,5224,6774
MH777163,L2,3672,5213
MH777167,E1,688,2520
MH777167,E2,2462,3661
MH777167,E6,1,414
MH777167,E7,414,698
MH777167,L1,5246,6808
MH777167,L2,3664,5235
MH777168,E1,721,2532
MH777168,E2,2468,3640
MH777168,E6,1,435
MH777168,E7,438,734
MH777168,L1,5159,6742
MH777168,L2,3642,5150
MH777170,E1,697,2496
MH777170,E2,2432,3592
MH777170,E6,1,423
MH777170,E7,420,710
MH777170,L1,5216,6742
MH777170,L2,3589,5205
MH777171,E1,697,2490
MH777171,E2,2426,3592
MH777171,E6,1,423
MH777171,E7,420,713
MH777171,L1,5216,6736
MH777171,L2,3597,5204
MH777173,E1,691,2550
MH777173,E2,2492,3665
MH777173,E6,1,413
MH777173,E7,413,691
MH777173,L1,5205,6728
MH777173,L2,3689,5194
MH777175,E1,698,2518
MH777175,E6,1,426
MH777175,E7,423,705
MH777175,L1,5475,7001
MH777175,L2,3874,5463
MH777176,E1,703,2508
MH777176,E2,2444,3640
MH777176,E6,1,423
MH777176,E7,420,716
MH777176,L1,5223,6773
MH777176,L2,3674,5212
MH777177,E1,714,2546
MH777177,E2,2482,3681
MH777177,E6,1,429
MH777177,E7,431,730
MH777177,L1,5223,6776
MH777177,L2,3683,5212
MH777178,E1,703,2508
MH777178,E2,2444,3631
MH777178,E6,1,423
MH777178,E7,420,719
MH777178,L1,5200,6756
MH777178,L2,3633,5189
MH777182,E1,702,2495
MH777182,E2,2431,3624
MH777182,E6,1,432
MH777182,E7,419,715
MH777182,L1,5197,6750
MH777182,L2,3630,5186
MH777185,E1,699,2510
MH777185,E2,2446,3645
MH777185,E6,1,432
MH777185,E7,422,712
MH777185,L1,5200,6713
MH777185,L2,3663,5189
MH777186,E1,694,2490
MH777186,E6,1,420
MH777186,E7,417,710
MH777186,L1,5192,6775
MH777186,L2,3606,5180
MH777187,E1,685,2490
MH777187,E2,2417,3616
MH777187,E6,1,420
MH777187,E7,417,698
MH777187,L1,5141,6682
MH777187,L2,3616,5130
MH777188,E1,682,2478
MH777188,E2,2411,3583
MH777188,E6,1,417
MH777188,E7,417,698
MH777188,L1,5092,6618
MH777188,L2,3585,5081
MH777190,E1,700,2523
MH777190,E2,2465,3874
MH777190,E6,1,423
MH777190,E7,423,713
MH777190,L1,5521,7059
MH777190,L2,3940,5511
MH777192,E1,702,2519
MH777192,E2,2455,3651
MH777192,E6,1,438
MH777192,E7,419,715
MH777192,L1,5215,6771
MH777192,L2,3651,5204
MH777194,E1,697,2496
MH777194,E2,2432,3574
MH777194,E6,1,423
MH777194,E7,420,713
MH777194,L1,5192,6721
MH777194,L2,3571,5181
MH777195,E1,694,2496
MH777195,E2,2426,3622
MH777195,E6,1,420
MH777195,E7,417,710
MH777195,L1,5177,6754
MH777195,L2,3624,5165
MH777196,E1,702,2504
MH777196,E2,2440,3633
MH777196,E6,1,438
MH777196,E7,419,715
MH777196,L1,5200,6750
MH777196,L2,3633,5189
MH777199,E1,1232,3049
MH777199,E2,2982,4154
MH777199,E6,524,943
MH777199,E7,943,1248
MH777199,L2,4154,5695
MH777201,E1,1208,3007
MH777201,E2,2946,4115
MH777201,E6,498,934
MH777201,E7,931,1224
MH777201,L2,4115,5677
MH777202,E1,691,2493
MH777202,E2,2426,3610
MH777202,E6,1,420
MH777202,E7,417,707
MH777202,L1,5189,6760
MH777202,L2,3615,5177
MH777203,E1,697,2490
MH777203,E2,2426,3598
MH777203,E6,1,423
MH777203,E7,420,710
MH777203,L1,5209,6723
MH777203,L2,3600,5198
MH777206,E1,715,2529
MH777206,E2,2465,3642
MH777206,E6,1,432
MH777206,E7,435,731
MH777206,L1,5156,6726
MH777206,L2,3642,5147
MH777207,E1,700,2505
MH777207,E2,2441,3658
MH777207,E6,1,423
MH777207,E7,420,716
MH777207,L1,5215,6756
MH777207,L2,3675,5204
MH777208,E1,723,2543
MH777208,E2,2479,3654
MH777208,E6,1,435
MH777208,E7,437,739
MH777208,L1,5186,6766
MH777208,L2,3657,5177
MH777209,E1,739,2559
MH777209,E2,2495,3661
MH777209,E6,34,459
MH777209,E7,462,755
MH777209,L1,5193,6746
MH777209,L2,3664,5184
MH777210,E1,694,2493
MH777210,E2,2435,3611
MH777210,E6,1,423
MH777210,E7,420,707
MH777210,L1,5191,6724
MH777210,L2,3614,5179
MH777212,E1,703,2508
MH777212,E2,2444,3646
MH777212,E6,1,423
MH777212,E7,420,716
MH777212,L1,5240,6796
MH777212,L2,3673,5229
MH777219,E1,940,2751
MH777219,E2,2687,3880
MH777219,E6,242,676
MH777219,E7,663,953
MH777219,L1,5404,6930
MH777219,L2,3882,5393
MH777220,E1,739,2559
MH777220,E2,2495,3661
MH777220,E6,34,462
MH777220,E7,462,755
MH777220,L1,5193,6746
MH777220,L2,3664,5184
MH777222,E1,697,2487
MH777222,E2,2423,3580
MH777222,E6,1,423
MH777222,E7,420,710
MH777222,L1,5207,6763
MH777222,L2,3577,5196
MH777226,E1,694,2502
MH777226,E2,2432,3616
MH777226,E6,1,420
MH777226,E7,417,707
MH777226,L1,5210,6757
MH777226,L2,3619,5199
MH777228,E1,582,2414
MH777228,E2,2350,3576
MH777228,E7,302,598
MH777228,L1,5128,6681
MH777228,L2,3578,5116
MH777229,E1,1044,2867
MH777229,E2,2803,3985
MH777229,E7,767,1060
MH777229,L2,3988,5496
MH777230,E1,891,2711
MH777230,E2,2647,3816
MH777230,E6,178,603
MH777230,E7,614,907
MH777230,L1,5348,6901
MH777230,L2,3819,5339
MH777232,E1,697,2538
MH777232,E2,2471,3652
MH777232,E6,1,426
MH777232,E7,423,713
MH777232,L1,5217,6773
MH777232,L2,3659,5206
MH777233,E1,699,2513
MH777233,E2,2449,3657
MH777233,E6,1,432
MH777233,E7,422,712
MH777233,L1,5206,6732
MH777233,L2,3660,5197
MH777234,E1,708,2510
MH777234,E2,2446,3648
MH777234,E6,1,426
MH777234,E7,428,724
MH777234,L1,5179,6735
MH777234,L2,3651,5171
MH777236,E1,697,2529
MH777236,E2,2462,3640
MH777236,E6,1,426
MH777236,E7,423,713
MH777236,L1,5204,6760
MH777236,L2,3646,5193
MH777237,E1,690,2513
MH777237,E2,2455,3633
MH777237,E6,1,444
MH777237,E7,419,706
MH777237,L1,5202,6746
MH777237,L2,3635,5230
MH777238,E1,723,2543
MH777238,E2,2479,3654
MH777238,E6,1,435
MH777238,E7,437,739
MH777238,L1,5183,6763
MH777238,L2,3657,5174
MH777239,E1,760,2598
MH777239,E2,2531,3694
MH777239,E6,58,480
MH777239,E7,477,776
MH777239,L1,5240,6764
MH777239,L2,3694,5229
MH777241,E1,703,2508
MH777241,E2,2444,3643
MH777241,E6,1,420
MH777241,E7,420,716
MH777241,L1,5232,6785
MH777241,L2,3671,5221
MH777243,E1,748,2568
MH777243,E2,2504,3676
MH777243,E6,34,459
MH777243,E7,471,764
MH777243,L1,5184,6734
MH777243,L2,3679,5175
MH777244,E1,678,2477
MH777244,E2,2395,3585
MH777244,E6,1,423
MH777244,E7,413,694
MH777244,L1,5115,6635
MH777244,L2,3587,5104
MH777245,E1,684,2486
MH777245,E2,2413,3588
MH777245,E6,1,426
MH777245,E7,416,697
MH777245,L1,5125,6669
MH777245,L2,3590,5114
MH777249,E1,697,2493
MH777249,E2,2429,3601
MH777249,E6,1,423
MH777249,E7,420,710
MH777249,L1,5219,6742
MH777249,L2,3598,5208
MH777251,E1,685,2493
MH777251,E2,2420,3616
MH777251,E6,1,420
MH777251,E7,417,698
MH777251,L1,5138,6679
MH777251,L2,3616,5127
MH777253,E1,697,2511
MH777253,E2,2453,3805
MH777253,E6,1,426
MH777253,E7,423,704
MH777253,L1,5471,6994
MH777253,L2,3862,5460
MH777257,E1,694,2514
MH777257,E2,2435,3628
MH777257,E6,1,420
MH777257,E7,417,707
MH777257,L1,5248,6798
MH777257,L2,3636,5237
MH777258,E1,685,2481
MH777258,E2,2408,3604
MH777258,E6,1,420
MH777258,E7,417,698
MH777258,L1,5123,6667
MH777258,L2,3604,5112
MH777259,E1,697,2508
MH777259,E6,1,445
MH777259,E7,420,713
MH777259,L1,5207,6725
MH777259,L2,3661,5196
MH777260,E1,684,2489
MH777260,E2,2416,3603
MH777260,E6,1,426
MH777260,E7,416,697
MH777260,L1,5124,6659
MH777260,L2,3603,5113
MH777261,E1,690,2462
MH777261,E2,2446,3642
MH777261,E6,1,444
MH777261,E7,419,706
MH777261,L1,5211,6743
MH777261,L2,3644,5239
MH777262,E1,682,2490
MH777262,E2,2423,3613
MH777262,E6,1,417
MH777262,E7,417,698
MH777262,L1,5141,6673
MH777262,L2,3616,5130
MH777263,E1,712,2535
MH777263,E2,2471,3645
MH777263,E6,1,426
MH777263,E7,435,725
MH777263,L1,5192,6758
MH777263,L2,3648,5183
MH777268,E1,682,2475
MH777268,E2,2408,3580
MH777268,E6,1,420
MH777268,E7,417,698
MH777268,L1,5147,6670
MH777268,L2,3586,5136
MH777270,E1,691,2508
MH777270,E2,2438,3637
MH777270,E6,1,420
MH777270,E7,417,710
MH777270,L1,5171,6718
MH777270,L2,3649,5160
MH777273,E1,691,2532
MH777273,E6,1,417
MH777273,E7,414,704
MH777273,L1,5343,6891
MH777273,L2,3728,5332
MH777274,E1,693,2486
MH777274,E2,2422,3573
MH777274,E6,1,419
MH777274,E7,416,706
MH777274,L1,5200,6720
MH777274,L2,3570,5189
MH777280,E1,682,2490
MH777280,E6,1,417
MH777280,E7,417,698
MH777280,L1,5138,6667
MH777280,L2,3616,5127
MH777281,E1,687,2501
MH777281,E2,2434,3624
MH777281,E6,1,419
MH777281,E7,416,703
MH777281,L2,3624,5144
MH777288,E1,898,2703
MH777288,E2,2639,3829
MH777288,E6,193,615
MH777288,E7,618,914
MH777288,L1,5347,6900
MH777288,L2,3832,5340
MH777289,E1,691,2496
MH777289,E2,2423,3604
MH777289,E6,1,420
MH777289,E7,417,707
MH777289,L1,5180,6751
MH777289,L2,3606,5168
MH777292,E1,804,2603
MH777292,E2,2539,3741
MH777292,E6,97,522
MH777292,E7,524,820
MH777292,L1,5271,6824
MH777292,L2,3744,5264
MH777294,E1,1142,2947
MH777294,E2,2883,4100
MH777294,E6,440,862
MH777294,E7,859,1155
MH777294,L2,4102,5664
MH777297,E1,747,2567
MH777297,E2,2503,3672
MH777297,E6,34,459
MH777297,E7,470,763
MH777297,L1,5204,6754
MH777297,L2,3675,5195
MH777298,E1,696,2510
MH777298,E2,2446,3669
MH777298,E6,1,438
MH777298,E7,419,712
MH777298,L2,3669,5207
MH777302,E1,721,2547
MH777302,E2,2483,3673
MH777302,E6,1,432
MH777302,E7,435,737
MH777302,L1,5180,6751
MH777302,L2,3675,5171
MH777306,E1,697,2514
MH777306,E2,2456,3823
MH777306,E6,1,426
MH777306,E7,423,704
MH777306,L1,5502,7025
MH777306,L2,3898,5490
MH777307,E1,690,2465
MH777307,E2,2449,3639
MH777307,E6,1,444
MH777307,E7,419,706
MH777307,L1,5212,6744
MH777307,L2,3642,5240
MH777308,E1,690,2516
MH777308,E2,2458,3633
MH777308,E6,1,444
MH777308,E7,419,706
MH777308,L1,5196,6740
MH777308,L2,3635,5224
MH777309,E1,715,2532
MH777309,E6,1,432
MH777309,E7,435,734
MH777309,L1,5151,6726
MH777309,L2,3643,5142
MH777310,E1,685,2490
MH777310,E2,2417,3604
MH777310,E6,1,420
MH777310,E7,417,698
MH777310,L1,5117,6658
MH777310,L2,3604,5106
MH777311,E1,687,2456
MH777311,E2,2440,3639
MH777311,E6,1,444
MH777311,E7,419,703
MH777311,L1,5208,6740
MH777311,L2,3641,5236
MH777312,E1,697,2490
MH777312,E2,2426,3598
MH777312,E6,1,423
MH777312,E7,420,710
MH777312,L1,5208,6722
MH777312,L2,3608,5197
MH777313,E1,700,2511
MH777313,E2,2447,3637
MH777313,E6,1,423
MH777313,E7,420,716
MH777313,L1,5211,6985
MH777313,L2,3646,5199
MH777315,E1,676,2475
MH777315,E2,2408,3589
MH777315,E6,1,420
MH777315,E7,417,692
MH777315,L1,5140,6666
MH777315,L2,3591,5129
MH777316,E1,696,2489
MH777316,E2,2425,3597
MH777316,E6,1,422
MH777316,E7,419,709
MH777316,L2,3594,5195
MH777318,E1,706,2511
MH777318,E2,2447,3640
MH777318,E6,1,423
MH777318,E7,426,722
MH777318,L1,5161,6714
MH777318,L2,3643,5154
MH777325,E1,697,2475
MH777325,E2,2411,3562
MH777325,E6,1,423
MH777325,E7,420,710
MH777325,L1,5186,6712
MH777325,L2,3559,5175
MH777327,E1,700,2526
MH777327,E2,2462,3655
MH777327,E6,1,423
MH777327,E7,420,713
MH777327,L1,5254,6781
MH777327,L2,3663,5243
MH777328,E1,714,2543
MH777328,E2,2479,3669
MH777328,E6,1,429
MH777328,E7,431,730
MH777328,L1,5212,6882
MH777328,L2,3672,5201
MH777331,E1,690,2489
MH777331,E2,2431,3639
MH777331,E6,1,444
MH777331,E7,419,703
MH777331,L1,5202,6734
MH777331,L2,3641,5230
MH777332,E1,700,2526
MH777332,E2,2462,3652
MH777332,E6,1,423
MH777332,E7,420,716
MH777332,L1,5207,6784
MH777332,L2,3655,5196
MH777333,E1,708,2525
MH777333,E6,1,426
MH777333,E7,428,724
MH777333,L1,5184,6734
MH777333,L2,3651,5183
MH777334,E1,690,2513
MH777334,E2,2455,3633
MH777334,E6,1,444
MH777334,E7,419,706
MH777334,L1,5202,6746
MH777334,L2,3635,5230
MH777339,E1,709,2529
MH777339,E2,2462,3637
MH777339,E6,1,420
MH777339,E7,420,725
MH777339,L1,5188,6708
MH777339,L2,3637,5175
MH777343,E1,678,2483
MH777343,E2,2401,3593
MH777343,E6,1,423
MH777343,E7,413,694
MH777343,L1,5172,6701
MH777343,L2,3593,5161
MH777345,E1,696,2522
MH777345,E2,2455,3657
MH777345,E6,1,419
MH777345,E7,416,712
MH777345,L1,5197,6726
MH777345,L2,3657,5186
MH777346,E1,694,2490
MH777346,E2,2423,3619
MH777346,E6,1,420
MH777346,E7,417,710
MH777346,L1,5157,6668
MH777346,L2,3619,5145
MH777347,E1,679,2472
MH777347,E6,1,417
MH777347,E7,414,695
MH777347,L1,5126,6658
MH777347,L2,3589,5115
MH777350,E1,697,2526
MH777350,E2,2468,3886
MH777350,E6,1,411
MH777350,E7,408,707
MH777350,L1,5524,7062
MH777350,L2,3950,5512
MH777351,E1,694,2508
MH777351,E2,2438,3646
MH777351,E6,1,420
MH777351,E7,417,710
MH777351,L1,5183,6724
MH777351,L2,3664,5172
MH777352,E1,702,2504
MH777352,E2,2440,3624
MH777352,E6,1,438
MH777352,E7,419,718
MH777352,L1,5188,6747
MH777352,L2,3624,5177
MH777355,E1,690,2543
MH777355,E2,2485,3693
MH777355,E6,1,416
MH777355,E7,419,700
MH777355,L1,5270,6817
MH777355,L2,3700,5259
MH777356,E1,697,2487
MH777356,E2,2423,3598
MH777356,E6,1,423
MH777356,E7,420,710
MH777356,L1,5201,6724
MH777356,L2,3595,5190
MH777357,E1,682,2475
MH777357,E2,2408,3580
MH777357,E6,1,420
MH777357,E7,417,698
MH777357,L1,5132,6658
MH777357,L2,3586,5121
MH777358,E1,768,2585
MH777358,E7,470,781
MH777358,L1,5726,7273
MH777358,L2,4158,5714
MH777366,E1,687,2459
MH777366,E2,2443,3642
MH777366,E6,1,444
MH777366,E7,419,703
MH777366,L1,5211,6743
MH777366,L2,3644,5239
MH777368,E1,700,2517
MH777368,E2,2453,3643
MH777368,E6,1,423
MH777368,E7,420,713
MH777368,L1,5222,6769
MH777368,L2,3673,5211
MH777370,E1,694,2490
MH777370,E2,2414,3607
MH777370,E6,1,420
MH777370,E7,417,707
MH777370,L1,5178,6719
MH777370,L2,3607,5166
MH777377,E1,685,2490
MH777377,E2,2417,3607
MH777377,E6,1,420
MH777377,E7,417,698
MH777377,L1,5132,6673
MH777377,L2,3607,5121
MH777378,E1,703,2541
MH777378,E2,2474,3642
MH777378,E6,1,423
MH777378,E7,420,719
MH777378,L1,5183,6709
MH777378,L2,3642,5171
MH777379,E1,685,2490
MH777379,E2,2417,3610
MH777379,E6,1,420
MH777379,E7,417,698
MH777379,L1,5126,6667
MH777379,L2,3610,5115
MH777380,E1,703,2511
MH777380,E2,2447,3634
MH777380,E6,1,423
MH777380,E7,420,719
MH777380,L1,5226,6775
MH777380,L2,3644,5215
MH777381,E1,703,2547
MH777381,E6,1,423
MH777381,E7,420,719
MH777381,L1,5193,6725
MH777381,L2,3646,5181
MH777383,E1,712,2535
MH777383,E2,2459,3622
MH777383,E6,25,444
MH777383,E7,441,725
MH777383,L1,5168,6724
MH777383,L2,3625,5157
MH777384,E1,688,2496
MH777384,E2,2429,3610
MH777384,E6,1,426
MH777384,E7,423,704
MH777384,L1,5136,6650
MH777384,L2,3610,5124
MH777385,E1,693,2480
MH777385,E2,2416,3603
MH777385,E6,1,429
MH777385,E7,419,712
MH777385,L1,5159,6697
MH777385,L2,3603,5147
MH777388,E1,696,2483
MH777388,E2,2419,3603
MH777388,E6,1,438
MH777388,E7,419,715
MH777388,L1,5159,6697
MH777388,L2,3603,5147
MH777389,E1,703,2538
MH777389,E2,2459,3662
MH777389,E6,1,423
MH777389,E7,420,719
MH777389,L1,5221,6759
MH777389,L2,3665,5209
MH892425,E1,706,2514
MH892425,E2,2450,3607
MH892425,E6,1,423
MH892425,E7,417,722
MH892425,L1,5276,6811
MH892425,L2,3627,5267
MH910493,E1,1048,2868
MH910493,E2,2810,3943
MH910493,E6,367,777
MH910493,E7,774,1058
MH910493,L2,4895,6412
MH972557,E1,685,2493
MH972557,E2,2420,3622
MH972557,E6,1,420
MH972557,E7,417,698
MH972557,L1,5144,6685
MH972557,L2,3622,5133
MH972558,E1,703,2520
MH972558,E2,2456,3640
MH972558,E6,1,423
MH972558,E7,420,719
MH972558,L1,5219,7066
MH972558,L2,3642,5207
MH972561,E1,690,2489
MH972561,E2,2431,3636
MH972561,E6,1,444
MH972561,E7,419,703
MH972561,L1,5199,6731
MH972561,L2,3638,5227
MH972562,E1,685,2493
MH972562,E2,2417,3610
MH972562,E6,1,427
MH972562,E7,417,701
MH972562,L1,5134,6654
MH972562,L2,3610,5121
MH972563,E1,703,2514
MH972563,E2,2450,3622
MH972563,E6,1,423
MH972563,E7,420,719
MH972563,L1,5219,6778
MH972563,L2,3624,5207
MK080568,E1,897,2729
MK080568,E2,2671,4035
MK080568,E6,201,623
MK080568,E7,620,907
MK080568,L1,5736,7259
MK080568,L2,4108,5724
MK207055,E1,1013,2956
MK207055,E2,2949,4172
MK207055,E7,655,1020
MK207055,L2,4165,5898
MK443497,E1,1198,3027
MK443497,E6,162,930
MK443497,E7,930,1208
MK443497,L2,4474,6043
MK620302,E1,712,2784
MK620302,E2,2717,3907
MK620302,E6,1,246
MK620302,E7,239,710
MK620302,E9,908,1420
MK620302,L1,5593,7122
MK620302,L2,3917,5596
MK620305,E1,699,2732
MK620305,E2,2683,3939
MK620305,E6,1,246
MK620305,E7,239,699
MK620305,E9,883,1389
MK620305,L1,5626,7173
MK620305,L2,3944,5629
MK645900,E1,1210,3015
MK645900,E2,2951,4147
MK645900,E6,514,933
MK645900,E7,930,1223
MK645900,L2,4154,5692
MK645901,E1,1224,3047
MK645901,E2,2989,4191
MK645901,E6,538,984
MK645901,E7,956,1240
MK645901,L2,4193,5776
MN194600,E1,1021,2964
MN194600,E2,2957,4192
MN194600,E7,660,1028
MN194600,L2,4185,5909
MN329804,E1,1860,3698
MN329804,E2,3634,4858
MN329804,E6,813,1522
MN329804,E7,1522,1873
MN329804,L2,4936,6693
NC_001352,E1,812,2743
NC_001352,E2,2685,3860
NC_001352,E5_BETA,4164,4310
NC_001352,E6,107,568
NC_001352,E7,529,807
NC_001352,L1,5790,7274
NC_001352,L2,4403,5809
NC_001457,E1,813,2612
NC_001457,E2,2554,3762
NC_001457,E6,102,524
NC_001457,E7,521,823
NC_001457,L1,5345,6898
NC_001457,L2,3764,5329
NC_001458,E1,814,2678
NC_001458,E2,2620,3816
NC_001458,E7,520,814
NC_001458,L1,5371,6894
NC_001458,L2,3846,5360
NC_001523,E1,791,2632
NC_001523,E2,2568,3859
NC_001523,E5,3914,4070
NC_001523,E6,126,536
NC_001523,E7,490,798
NC_001523,L1,6255,7737
NC_001523,L2,4763,6244
NC_001524,E1,783,2618
NC_001524,E2,2554,3801
NC_001524,E5,3886,4017
NC_001524,E6,118,525
NC_001524,E7,482,790
NC_001524,L1,6034,7539
NC_001524,L2,4590,6023
NC_001541,E1,1362,3170
NC_001541,E10,323,475
NC_001541,E2,3112,4301
NC_001541,E5,4302,4549
NC_001541,E6,154,1021
NC_001541,L1,5828,7345
NC_001541,L2,4378,5821
NC_001576,E1,791,2836
NC_001576,E2,2772,3908
NC_001576,E5_BETA,4147,4290
NC_001576,E6,102,548
NC_001576,E7,524,784
NC_001576,L1,5823,7334
NC_001576,L2,4430,5842
NC_001583,E1,878,2794
NC_001583,E2,2736,3863
NC_001583,E6,97,549
NC_001583,E7,556,870
NC_001583,L1,5588,7099
NC_001583,L2,4189,5607
NC_001586,E1,850,2778
NC_001586,E2,2720,3904
NC_001586,E6,102,554
NC_001586,E7,530,844
NC_001586,L1,5872,7383
NC_001586,L2,4461,5891
NC_001587,E1,851,2794
NC_001587,E2,2733,3783
NC_001587,E5_ALPHA,3825,4049
NC_001587,E6,102,548
NC_001587,E7,551,844
NC_001587,L1,5508,7016
NC_001587,L2,4106,5524
NC_001591,E1,911,2740
NC_001591,E2,2682,4148
NC_001591,E6,200,616
NC_001591,E7,613,924
NC_001591,L1,5811,7340
NC_001591,L2,4233,5798
NC_001593,E1,892,2802
NC_001593,E2,2744,3898
NC_001593,E6,102,566
NC_001593,E7,569,885
NC_001593,L1,5658,7157
NC_001593,L2,4286,5677
NC_001595,E1,868,2808
NC_001595,E2,2750,3880
NC_001595,E5_DELTA,4248,4379
NC_001595,E6,102,566
NC_001595,E7,527,862
NC_001595,L1,5798,7315
NC_001595,L2,4426,5811
NC_001596,E1,917,2734
NC_001596,E6,221,646
NC_001596,E7,643,924
NC_001596,L1,5745,7268
NC_001596,L2,4129,5730
NC_001605,E1,787,2595
NC_001605,E2,2537,4165
NC_001605,E6,101,508
NC_001605,E7,510,800
NC_001605,L1,5794,7300
NC_001605,L2,4248,5792
NC_001619,E1,816,2609
NC_001619,E2,2551,3708
NC_001619,E6,126,536
NC_001619,E7,533,826
NC_001619,L1,6837,8355
NC_001619,L2,5277,6829
NC_001676,E1,828,2735
NC_001676,E2,2665,3774
NC_001676,E5_ALPHA,3771,4134
NC_001676,E6,106,533
NC_001676,E7,536,823
NC_001676,L1,5608,7107
NC_001678,E1,941,2818
NC_001678,E2,2757,3857
NC_001678,E5_ZETA,4314,4448
NC_001678,E6,103,581
NC_001678,E7,594,935
NC_001678,L1,5850,7355
NC_001678,L2,4469,5869
NC_001690,E1,785,2566
NC_001690,E2,2493,3683
NC_001690,E6,102,520
NC_001690,E7,517,798
NC_001690,L1,5202,6743
NC_001690,L2,3683,5191
NC_001691,E1,785,2584
NC_001691,E2,2508,3698
NC_001691,E6,102,527
NC_001691,E7,517,798
NC_001691,L1,5231,6778
NC_001691,L2,3698,5218
NC_001693,E1,804,2636
NC_001693,E2,2572,3786
NC_001693,E7,527,820
NC_001693,L1,5395,6921
NC_001693,L2,3807,5384
NC_001694,E1,811,2769
NC_001694,E5_BETA,4195,4326
NC_001694,E6,96,542
NC_001694,E7,518,805
NC_001694,L1,5764,7281
NC_001694,L2,4407,5786
NC_001789,E1,747,2624
NC_001789,E2,2569,3780
NC_001789,E5,3780,3941
NC_001789,E6,102,473
NC_001789,E7,448,750
NC_001789,L1,5635,7128
NC_001789,L2,4130,5623
NC_002232,E1,1143,2993
NC_002232,E10,262,414
NC_002232,E5,4169,4431
NC_002232,E7,858,1140
NC_002232,L1,5685,7184
NC_002232,L2,4230,5713
NC_003348,E1,894,2822
NC_003348,E2,2764,4008
NC_003348,E6,114,765
NC_003348,L1,5791,7365
NC_003348,L2,4115,5779
NC_003748,E1,690,2552
NC_003748,E2,2479,3702
NC_003748,E6,2,450
NC_003748,E7,404,700
NC_003748,L1,5211,6728
NC_003748,L2,3766,5193
NC_004104,E1,725,2665
NC_004104,E2,2607,3749
NC_004104,E5_BETA,4071,4214
NC_004104,E6,1,447
NC_004104,E7,423,719
NC_004104,L1,5792,7309
NC_004104,L2,4408,5811
NC_004195,E1,744,2624
NC_004195,E6,1,405
NC_004195,E7,380,754
NC_004195,L1,5564,7048
NC_004195,L2,3996,5552
NC_004197,E1,737,2578
NC_004197,E10,100,228
NC_004197,E2,2520,3764
NC_004197,E7,451,747
NC_004197,L2,3777,5333
NC_004500,E1,784,2622
NC_004500,E2,2564,3997
NC_004500,E6,106,522
NC_004500,E7,519,794
NC_004500,L1,5638,7176
NC_004500,L2,4056,5627
NC_004765,E1,831,2654
NC_004765,E2,2596,3744
NC_004765,E6,141,557
NC_004765,E7,554,841
NC_004765,L1,6554,8056
NC_004765,L2,5013,6542
NC_005134,E1,1052,2878
NC_005134,E2,2820,4226
NC_005134,E6,356,766
NC_005134,E7,763,1062
NC_005134,L1,5856,7394
NC_005134,L2,4279,5844
NC_006563,E1,763,2598
NC_006563,E2,2537,3835
NC_006563,E7,426,773
NC_006563,L1,5396,6965
NC_006563,L2,3886,5384
NC_006564,E1,795,2618
NC_006564,E6,105,512
NC_006564,E7,515,811
NC_006564,L1,6202,7713
NC_006564,L2,4654,6185
NC_007150,E1,806,2608
NC_007150,E2,2550,3665
NC_007150,E6,121,529
NC_007150,L1,6288,7796
NC_007612,E1,826,2616
NC_007612,E2,2567,3929
NC_007612,E7,500,836
NC_007612,L1,5543,7058
NC_007612,L2,3972,5528
NC_008184,E2,2489,4056
NC_008184,L1,5804,7349
NC_008184,L2,4170,5803
NC_008188,E1,284,2149
NC_008188,E10,7068,7181
NC_008188,E2,2091,3266
NC_008188,E7,1,303
NC_008188,L1,4945,6492
NC_008188,L2,3357,4934
NC_008189,E1,278,2188
NC_008189,E10,7112,7225
NC_008189,E2,2130,3311
NC_008189,E7,1,297
NC_008189,L2,3428,5023
NC_008297,E1,732,2618
NC_008297,E2,2560,4011
NC_008297,E6,25,480
NC_008297,E7,440,742
NC_008297,L1,5757,7259
NC_008297,L2,4219,5736
NC_008519,E1,733,2574
NC_008519,E2,2504,3622
NC_008519,E6,1,420
NC_008519,E7,420,749
NC_008519,L1,5313,6846
NC_008519,L2,3707,5302
NC_008582,E1,763,2589
NC_008582,E6,34,459
NC_008582,E7,459,779
NC_008582,L1,5325,6833
NC_008582,L2,3716,5314
NC_010226,E1,813,2702
NC_010226,E6,109,564
NC_010226,E7,524,823
NC_010226,L1,5795,7294
NC_010226,L2,4249,5765
NC_010329,E1,782,2605
NC_010329,E2,2538,3731
NC_010329,E6,1,505
NC_010329,E7,502,798
NC_010329,L1,5310,6880
NC_010329,L2,3734,5298
NC_010739,E1,595,2451
NC_010739,E2,2372,3697
NC_010739,E6,31,456
NC_010739,L1,5467,6984
NC_010739,L2,4011,5486
NC_011051,E1,812,2650
NC_011051,E2,2592,3815
NC_011051,E5,3849,4019
NC_011051,E6,129,530
NC_011051,E7,493,819
NC_011051,L1,5838,7361
NC_011051,L2,4361,5824
NC_011109,E1,827,2746
NC_011109,E2,2688,3976
NC_011109,E6,28,702
NC_011109,L1,5832,7355
NC_011109,L2,4172,5797
NC_011280,E1,684,2475
NC_011280,E6,44,464
NC_011280,E7,443,677
NC_011280,L1,5213,6733
NC_011280,L2,3811,5232
NC_011530,E1,589,2292
NC_011530,E2,2234,3454
NC_011530,E6,1,258
NC_011530,E7,251,586
NC_011530,L1,4784,6268
NC_011530,L2,3454,4809
NC_011765,E1,1124,2911
NC_011765,E2,2853,4357
NC_011765,E6,55,908
NC_011765,E7,883,1134
NC_011765,L2,5210,6699
NC_012123,E1,949,2835
NC_012123,E2,2768,4128
NC_012123,E6,171,595
NC_012123,E7,615,943
NC_012123,L1,5672,7177
NC_012123,L2,4133,5700
NC_012213,E1,943,2811
NC_012213,E2,2753,3925
NC_012213,E7,663,962
NC_012213,L1,5575,7116
NC_012213,L2,4010,5564
NC_012485,E1,788,2638
NC_012485,E2,2580,3798
NC_012485,E6,65,502
NC_012485,E7,508,798
NC_012485,L1,5376,6937
NC_012485,L2,3800,5365
NC_012486,E1,945,2747
NC_012486,E2,2677,3857
NC_012486,E6,252,671
NC_012486,E7,668,961
NC_012486,L1,5451,7028
NC_012486,L2,3859,5439
NC_012652,E1,777,2663
NC_012652,E2,2602,3684
NC_012652,E5_EPSILON,3972,4097
NC_012652,E5_ZETA,4131,4280
NC_012652,E6,1,453
NC_012652,E7,466,771
NC_012652,L1,5701,7206
NC_012652,L2,4302,5720
NC_013035,E1,708,2516
NC_013035,E2,2452,3648
NC_013035,E6,1,425
NC_013035,E7,428,724
NC_013035,L1,5187,6743
NC_013035,L2,3651,5180
NC_013237,E1,706,2517
NC_013237,E2,2459,3625
NC_013237,E6,13,426
NC_013237,E7,423,716
NC_013237,L1,6368,7876
NC_013237,L2,4823,6358
NC_014143,E1,730,2520
NC_014143,E2,2462,3829
NC_014143,E6,28,462
NC_014143,E7,468,740
NC_014143,L1,5498,6999
NC_014143,L2,3831,5487
NC_014185,E1,718,2547
NC_014185,E2,2489,3661
NC_014185,E6,1,431
NC_014185,E7,435,731
NC_014185,L1,5245,6804
NC_014185,L2,3665,5233
NC_014326,E1,742,2592
NC_014326,E2,2528,3685
NC_014326,E6,1,423
NC_014326,E7,423,755
NC_014326,L1,5372,7335
NC_014326,L2,3745,5361
NC_014469,E1,777,2591
NC_014469,E2,2524,3735
NC_014469,E6,81,525
NC_014469,E7,497,793
NC_014469,L1,5275,6804
NC_014469,L2,3735,5264
NC_014952,E1,699,2516
NC_014952,E2,2452,3651
NC_014952,E6,1,432
NC_014952,E7,422,712
NC_014952,L1,5210,6725
NC_014952,L2,3664,5199
NC_014953,E1,739,2544
NC_014953,E2,2489,3649
NC_014953,E6,34,459
NC_014953,E7,462,755
NC_014953,L1,5177,6730
NC_014953,L2,3651,5168
NC_014954,E1,687,2498
NC_014954,E2,2425,3615
NC_014954,E6,1,426
NC_014954,E7,416,700
NC_014954,L1,5161,6702
NC_014954,L2,3615,5150
NC_014955,E1,679,2478
NC_014955,E2,2411,3592
NC_014955,E6,1,420
NC_014955,E7,417,695
NC_014955,L1,5137,6663
NC_014955,L2,3594,5126
NC_014956,E1,679,2487
NC_014956,E2,2429,3679
NC_014956,E6,1,414
NC_014956,E7,414,689
NC_014956,L1,5237,6787
NC_014956,L2,3682,5226
NC_015267,E1,714,2606
NC_015267,E2,2548,3835
NC_015267,E7,365,727
NC_015267,L1,5555,6981
NC_015267,L2,4038,5543
NC_015268,E2,2593,3870
NC_015268,E7,374,727
NC_015268,L1,5624,7158
NC_015325,E1,717,2597
NC_015325,E2,2548,3711
NC_015325,E7,443,727
NC_015325,L1,5372,6918
NC_015325,L2,3818,5359
NC_015692,E1,739,2550
NC_015692,E2,2492,3980
NC_015692,E6,1,457
NC_015692,E7,447,752
NC_015692,L1,5621,7171
NC_015692,L2,4055,5605
NC_016013,E1,790,2589
NC_016013,E2,2525,3527
NC_016013,E5_ALPHA,3578,3656
NC_016013,E6,43,464
NC_016013,E7,484,763
NC_016013,L1,5066,6565
NC_016014,E1,742,2610
NC_016014,E2,2561,4144
NC_016014,E6,25,435
NC_016014,E7,438,752
NC_016014,L1,5849,7342
NC_016014,L2,4308,5837
NC_016074,E1,970,2835
NC_016074,E2,2777,4240
NC_016074,E6,263,718
NC_016074,E7,678,980
NC_016074,L1,6051,7556
NC_016074,L2,4481,5998
NC_016075,E1,844,2724
NC_016075,E2,2666,4258
NC_016075,E6,125,568
NC_016075,E7,543,854
NC_016075,L1,5912,7420
NC_016075,L2,4390,5900
NC_016157,E1,817,2640
NC_016157,E2,2576,3763
NC_016157,E6,97,528
NC_016157,E7,531,833
NC_016157,L1,5273,6844
NC_016157,L2,3765,5264
NC_016898,E1,1588,3455
NC_016898,E2,3388,4730
NC_016898,E6,837,1250
NC_016898,E7,1259,1582
NC_016898,L2,4735,6369
NC_017716,E1,806,2695
NC_017716,E2,2637,3722
NC_017716,E5_EPSILON,3996,4124
NC_017716,E5_ZETA,4134,4291
NC_017716,E6,1,480
NC_017716,E7,494,793
NC_017716,L1,5699,7195
NC_017716,L2,4297,5718
NC_017862,E1,702,2567
NC_017862,E2,2497,3762
NC_017862,E6,4,434
NC_017862,E7,434,715
NC_017862,L1,5305,6786
NC_017862,L2,3853,5324
NC_017993,E1,805,2610
NC_017993,E2,2546,3757
NC_017993,E6,118,534
NC_017993,E7,531,818
NC_017993,L1,5323,6895
NC_017993,L2,3774,5312
NC_017994,E1,715,2526
NC_017994,E6,1,429
NC_017994,E7,432,728
NC_017994,L2,3640,5151
NC_017995,E1,714,2546
NC_017995,E2,2482,3693
NC_017995,E6,1,429
NC_017995,E7,431,730
NC_017995,L1,5235,6785
NC_017995,L2,3695,5224
NC_017996,E1,717,2534
NC_017996,E2,2470,3648
NC_017996,E6,1,432
NC_017996,E7,434,733
NC_017996,L1,5155,6741
NC_017996,L2,3650,5146
NC_017997,E1,703,2502
NC_017997,E2,2441,3604
NC_017997,E6,1,423
NC_017997,E7,420,719
NC_017997,L1,5154,6714
NC_017997,L2,3604,5142
NC_018575,E1,798,2588
NC_018575,E2,2530,3663
NC_018575,E6,112,524
NC_018575,E7,521,808
NC_018575,L1,6572,8092
NC_019023,E1,1006,2829
NC_019023,E2,2762,3931
NC_019023,E6,298,717
NC_019023,E7,717,1022
NC_019023,L1,5474,6994
NC_019023,L2,3931,5463
NC_019852,E1,829,2712
NC_019852,E2,2654,4273
NC_019852,E6,112,522
NC_019852,E7,525,839
NC_019852,L1,5978,7474
NC_019852,L2,4437,5966
NC_020500,E1,750,2603
NC_020500,E2,2533,3793
NC_020500,L1,5329,6822
NC_020500,L2,3865,5348
NC_020501,E1,733,2601
NC_020501,E6,31,505
NC_020501,E7,496,746
NC_020501,L1,5352,6845
NC_020501,L2,3868,5371
NC_021472,E1,688,2517
NC_021472,E2,2456,3784
NC_021472,E6,28,421
NC_021472,E7,411,701
NC_021472,L1,5670,7572
NC_021472,L2,4111,5646
NC_021483,E1,723,2543
NC_021483,E2,2479,3657
NC_021483,E6,1,435
NC_021483,E7,437,739
NC_021483,L1,5189,6769
NC_021483,L2,3660,5180
NC_021930,E1,1165,2949
NC_021930,E10,518,631
NC_021930,E2,2891,4141
NC_021930,E6,478,897
NC_021930,E7,894,1175
NC_021930,L1,5735,7258
NC_021930,L2,4151,5725
NC_022095,E1,688,2496
NC_022095,E2,2432,3631
NC_022095,E6,1,417
NC_022095,E7,414,701
NC_022095,L2,3639,5174
NC_022253,E1,1187,3010
NC_022253,E2,2952,4807
NC_022253,E6,262,904
NC_022253,E7,907,1206
NC_022253,L1,6466,7932
NC_022253,L2,4809,6447
NC_022892,E1,789,2603
NC_022892,E2,2533,3741
NC_022892,E6,96,515
NC_022892,E7,512,805
NC_022892,L1,5269,6819
NC_022892,L2,3750,5258
NC_023178,E1,1266,3104
NC_023178,E2,3046,4308
NC_023178,E6,549,992
NC_023178,E7,989,1273
NC_023178,L1,5898,7402
NC_023178,L2,4357,5886
NC_023496,E1,706,2649
NC_023496,E2,2591,3745
NC_023496,E6,1,420
NC_023496,E7,417,701
NC_023496,L1,5422,6957
NC_023496,L2,4008,5441
NC_023873,E1,816,2615
NC_023873,E2,2557,3688
NC_023873,E6,120,542
NC_023873,E7,539,826
NC_023873,L1,6304,7809
NC_023873,L2,4730,6295
NC_023882,E2,2867,4227
NC_023882,E6,214,777
NC_023882,E7,774,1064
NC_023882,L1,5932,7401
NC_023891,E1,690,2516
NC_023891,E2,2458,3664
NC_023891,E6,1,417
NC_023891,E7,419,706
NC_023891,L1,5233,6768
NC_023891,L2,3666,5261
NC_023895,E1,670,2487
NC_023895,E2,2438,3679
NC_023895,E6,1,438
NC_023895,E7,410,658
NC_023895,L1,5203,6703
NC_023895,L2,3701,5194
NC_026640,E1,702,2594
NC_026640,E2,2536,3957
NC_026640,E6,1,456
NC_026640,E7,416,712
NC_026640,L1,5694,7202
NC_026640,L2,4148,5653
NC_027528,E1,700,2526
NC_027528,E2,2468,3724
NC_027528,E7,420,713
NC_027528,L2,3726,5279
NC_027779,E1,691,2493
NC_027779,E2,2426,3620
NC_027779,E6,1,420
NC_027779,E7,417,707
NC_027779,L1,5192,6763
NC_027779,L2,3621,5180
U21941,E1,928,2886
U21941,E2,2813,3895
U21941,E5_ALPHA,3930,4152
U21941,E6,107,583
U21941,E7,592,921
U21941,L1,5590,7104
U21941,L2,4209,5609
U31778,E1,992,2809
U31778,E2,2751,4244
U31778,E6,181,697
U31778,E7,697,1005
U31778,L1,5893,7443
U31778,L2,4321,5877
U31779,E1,998,2809
U31779,E2,2751,4262
U31779,E7,706,1011
U31779,L1,5929,7485
U31779,L2,4351,5913
U31780,E1,932,2758
U31780,E2,2700,4010
U31780,E6,221,646
U31780,E7,643,945
U31780,L1,5662,7194
U31780,L2,4077,5651
U31781,E1,950,2773
U31781,E2,2715,4010
U31781,E6,248,673
U31781,E7,670,963
U31781,L1,5660,7180
U31781,L2,4090,5649
U31782,E1,899,2722
U31782,E2,2664,4067
U31782,E6,200,622
U31782,E7,622,912
U31782,L1,5713,7251
U31782,L2,4132,5703
U31783,E1,788,2776
U31783,E2,2718,3848
U31783,E5_BETA,4069,4212
U31783,E7,518,781
U31783,L1,5740,7248
U31783,L2,4338,5759
U31784,E1,803,2785
U31784,E5_BETA,4102,4245
U31784,E6,102,548
U31784,E7,524,796
U31784,L1,5813,7324
U31784,L2,4411,5832
U31785,E1,958,2772
U31785,E2,2714,4243
U31785,E6,200,673
U31785,E7,663,971
U31785,L1,5891,7441
U31785,L2,4321,5877
U31786,E1,899,2728
U31786,E2,2670,4034
U31786,E6,200,625
U31786,L1,5716,7239
U31786,L2,4099,5703
U31787,E1,911,2725
U31787,E2,2667,3992
U31787,E6,200,625
U31787,E7,622,924
U31787,L2,4067,5650
U31788,E1,832,2763
U31788,E2,2705,3838
U31788,E5_DELTA,4161,4292
U31788,E5_GAMMA,3874,4152
U31788,E6,105,557
U31788,E7,533,826
U31788,L1,5694,7196
U31788,L2,4325,5707
U31794,E1,895,2787
U31794,E2,2729,3838
U31794,E6,102,569
U31794,E7,572,889
U31794,L2,4272,5666
U83595,E1,745,2628
U83595,E2,2573,3778
U83595,E5,3778,3930
U83595,E6,100,471
U83595,E7,446,748
U83595,L1,5627,7120
U83595,L2,4122,5615
U85660,E1,965,2785
U85660,E2,2727,4264
U85660,E6,37,677
U85660,E7,667,978
U85660,L1,5922,7472
U85660,L2,4345,5910
V01116,E1,815,2650
V01116,E2,2592,3797
V01116,E6,18,526
V01116,E7,529,825
V01116,L1,5432,6947
X00203,E1,832,2781
X00203,E2,2723,3829
X00203,E6,102,554
X00203,E7,530,826
X00203,L1,5789,7291
X00203,L2,4423,5802
X02346,E1,849,2666
X02346,E2,2608,3840
X02346,E5,3879,4013
X02346,E6,91,504
X02346,E7,479,862
X02346,L1,5609,7103
X02346,L2,4187,5596
X05015,E1,914,2887
X05015,E2,2811,3914
X05015,E5_ALPHA,3936,4151
X05015,E6,105,581
X05015,E7,590,907
X05015,L1,5613,7136
X05015,L2,4244,5632
X05817,E1,1002,2828
X05817,E10,332,460
X05817,E2,2770,3996
X05817,E7,716,1012
X05817,L1,5599,7119
X05817,L2,4011,5588
X55965,E1,810,2741
X55965,E2,2683,3834
X55965,E5_BETA,4129,4275
X55965,E6,105,566
X55965,E7,527,805
X55965,L1,5751,7235
X55965,L2,4373,5770
X62843,E1,843,2783
X62843,E2,2725,3858
X62843,E5_DELTA,4193,4330
X62843,E5_GAMMA,3908,4183
X62843,E6,104,556
X62843,E7,532,837
X62843,L1,5742,7244
X62843,L2,4364,5755
X62844,E1,834,2780
X62844,E2,2722,3855
X62844,E5_DELTA,4194,4334
X62844,E5_GAMMA,3900,4184
X62844,E6,104,556
X62844,E7,532,828
X62844,L1,5746,7251
X62844,L2,4368,5759
X70829,E1,807,2603
X70829,E2,2545,3753
X70829,E6,102,524
X70829,E7,521,817
X70829,L1,5326,6873
X70829,L2,3755,5311
X74462,E1,806,2785
X74462,E2,2727,3878
X74462,E5_BETA,4089,4232
X74462,E6,114,560
X74462,E7,536,799
X74462,L1,5751,7265
X74462,L2,4349,5770
X74466,E1,961,2775
X74466,E2,2717,4201
X74466,E6,200,673
X74466,E7,663,974
X74466,L1,5844,7397
X74466,L2,4276,5832
X74467,E1,1005,2822
X74467,E2,2764,4215
X74467,E6,196,710
X74467,E7,710,1018
X74467,L1,5877,7433
X74467,L2,4302,5861
X74468,E1,896,2704
X74468,E2,2646,4016
X74468,E6,200,625
X74468,E7,622,903
X74468,L1,5704,7227
X74468,L2,4091,5692
X74469,E1,902,2731
X74469,E2,2673,4031
X74469,E6,200,625
X74469,E7,622,909
X74469,L1,5723,7246
X74469,L2,4101,5711
X74470,E1,985,2799
X74470,E2,2741,4222
X74470,E6,200,700
X74470,E7,690,998
X74470,L1,5861,7414
X74470,L2,4285,5847
X74471,E1,970,2784
X74471,E2,2726,4234
X74471,E7,675,983
X74471,L1,5889,7442
X74471,L2,4311,5873
X74473,E1,822,2753
X74473,E2,2695,3861
X74473,E5_BETA,4160,4306
X74473,E6,117,578
X74473,E7,539,817
X74473,L1,5764,7254
X74473,L2,4389,5783
X74474,E1,890,2785
X74474,E2,2727,3863
X74474,E6,102,563
X74474,E7,566,884
X74474,L1,5652,7157
X74474,L2,4280,5671
X74477,E1,868,2775
X74477,E5_ALPHA,3814,4090
X74477,E6,110,559
X74477,E7,562,861
X74477,L1,5601,7109
X74477,L2,4211,5620
X74478,E1,868,2811
X74478,E5_DELTA,4210,4341
X74478,E6,102,566
X74478,E7,527,862
X74478,L1,5779,7296
X74478,L2,4389,5792
X74479,E1,914,2845
X74479,E2,2769,3876
X74479,E5_ALPHA,3909,4124
X74479,E6,102,578
X74479,E7,587,907
X74479,L1,5608,7149
X74479,L2,4236,5627
X74481,E1,864,2807
X74481,E2,2743,3887
X74481,E5_ALPHA,3933,4160
X74481,E6,102,537
X74481,E7,553,852
X74481,L1,5643,7154
X74481,L2,4262,5662
X74483,E1,895,2805
X74483,E2,2747,3862
X74483,E6,102,569
X74483,E7,572,889
X74483,L1,5598,7104
X74483,L2,4223,5617
X77858,E1,872,2812
X77858,E2,2745,3848
X77858,E5_ALPHA,3908,4129
X77858,E6,55,537
X77858,E7,542,865
X77858,L1,5606,7115
X77858,L2,4231,5625
X94164,E1,832,2784
X94164,E2,2726,3874
X94164,E5_BETA,4178,4309
X94164,E6,102,548
X94164,E7,524,826
X94164,L1,5788,7308
X94164,L2,4410,5810
X94165,E1,850,2802
X94165,E5_ALPHA,3813,4037
X94165,E6,102,548
X94165,E7,550,843
X94165,L1,5494,7005
X94165,L2,4083,5510
Y15173,E1,905,2734
Y15173,E2,2676,4130
Y15173,E6,200,616
Y15173,E7,613,918
Y15173,L1,5771,7300
Y15173,L2,4193,5758
Y15174,E1,905,2734
Y15174,E2,2676,4157
Y15174,E6,200,616
Y15174,E7,613,918
Y15174,L1,5799,7328
Y15174,L2,4221,5786
Y15175,E1,803,2788
Y15175,E2,2730,3890
Y15175,E5_BETA,4106,4249
Y15175,E6,102,548
Y15175,E7,524,796
Y15175,L1,5789,7300
Y15175,L2,4387,5808
Y15176,E1,896,2713
Y15176,E2,2655,4034
Y15176,E6,200,625
Y15176,E7,622,903
Y15176,L1,5718,7241
Y15176,L2,4105,5706
